"bin","chromosome","start","end","mappability","gc_content"
"Ld01_1","Ld01",0,20000,1,0.5936
"Ld01_2","Ld01",20000,40000,1,0.63145
"Ld01_3","Ld01",40000,60000,1,0.6283
"Ld01_4","Ld01",60000,80000,0.971014,0.6184
"Ld01_5","Ld01",80000,100000,1,0.58045
"Ld01_6","Ld01",100000,120000,0.987013,0.63835
"Ld01_7","Ld01",120000,140000,1,0.6252
"Ld01_8","Ld01",140000,160000,1,0.6437
"Ld01_9","Ld01",160000,180000,1,0.65805
"Ld01_10","Ld01",180000,200000,1,0.65905
"Ld01_11","Ld01",200000,220000,1,0.64345
"Ld01_12","Ld01",220000,240000,1,0.66665
"Ld01_13","Ld01",240000,260000,0.893333,0.6243
"Ld01_14","Ld01",260000,280000,0.796875,0.59095
"Ld01_15","Ld01",280000,295475,0.477273,0.575961
"Ld02_1","Ld02",0,20000,0.703704,0.582
"Ld02_2","Ld02",20000,40000,1,0.61525
"Ld02_3","Ld02",40000,60000,1,0.64995
"Ld02_4","Ld02",60000,80000,1,0.61535
"Ld02_5","Ld02",80000,100000,0.360656,0.61625
"Ld02_6","Ld02",100000,120000,0.286957,0.62375
"Ld02_7","Ld02",120000,140000,1,0.63095
"Ld02_8","Ld02",140000,160000,0.886179,0.6218
"Ld02_9","Ld02",160000,180000,1,0.6434
"Ld02_10","Ld02",180000,200000,1,0.6374
"Ld02_11","Ld02",200000,220000,1,0.61345
"Ld02_12","Ld02",220000,240000,1,0.64315
"Ld02_13","Ld02",240000,260000,1,0.6281
"Ld02_14","Ld02",260000,280000,0.973684,0.56435
"Ld02_15","Ld02",280000,300000,0.416149,0.6782
"Ld02_16","Ld02",300000,320000,0.467532,0.7053
"Ld02_17","Ld02",320000,340000,0.0451128,0.70715
"Ld02_18","Ld02",340000,360000,0.761538,0.6335
"Ld02_19","Ld02",360000,380000,0.988506,0.6486
"Ld02_20","Ld02",380000,400000,0.636364,0.6342
"Ld02_21","Ld02",400000,410139,1,0.583687
"Ld03_1","Ld03",0,20000,1,0.5263
"Ld03_2","Ld03",20000,40000,1,0.6137
"Ld03_3","Ld03",40000,60000,1,0.61555
"Ld03_4","Ld03",60000,80000,0.74359,0.6623
"Ld03_5","Ld03",80000,100000,1,0.6384
"Ld03_6","Ld03",100000,120000,1,0.63265
"Ld03_7","Ld03",120000,140000,0.983607,0.5995
"Ld03_8","Ld03",140000,160000,1,0.62185
"Ld03_9","Ld03",160000,180000,1,0.63645
"Ld03_10","Ld03",180000,200000,1,0.64345
"Ld03_11","Ld03",200000,220000,1,0.6322
"Ld03_12","Ld03",220000,240000,1,0.63665
"Ld03_13","Ld03",240000,260000,1,0.6144
"Ld03_14","Ld03",260000,280000,1,0.64645
"Ld03_15","Ld03",280000,300000,1,0.64885
"Ld03_16","Ld03",300000,320000,1,0.65765
"Ld03_17","Ld03",320000,340000,1,0.6687
"Ld03_18","Ld03",340000,360000,1,0.66075
"Ld03_19","Ld03",360000,380000,1,0.63785
"Ld03_20","Ld03",380000,394964,0.979798,0.555466
"Ld04_1","Ld04",0,20000,0.957143,0.52955
"Ld04_2","Ld04",20000,40000,1,0.57855
"Ld04_3","Ld04",40000,60000,0.564103,0.6382
"Ld04_4","Ld04",60000,80000,0.887218,0.60495
"Ld04_5","Ld04",80000,100000,1,0.6365
"Ld04_6","Ld04",100000,120000,0.944444,0.63145
"Ld04_7","Ld04",120000,140000,1,0.60715
"Ld04_8","Ld04",140000,160000,1,0.64415
"Ld04_9","Ld04",160000,180000,1,0.6069
"Ld04_10","Ld04",180000,200000,1,0.6342
"Ld04_11","Ld04",200000,220000,1,0.62195
"Ld04_12","Ld04",220000,240000,0.964286,0.623
"Ld04_13","Ld04",240000,260000,1,0.61905
"Ld04_14","Ld04",260000,280000,1,0.6119
"Ld04_15","Ld04",280000,300000,1,0.6448
"Ld04_16","Ld04",300000,320000,0.936508,0.6311
"Ld04_17","Ld04",320000,340000,1,0.64755
"Ld04_18","Ld04",340000,360000,1,0.63625
"Ld04_19","Ld04",360000,380000,0.983871,0.64205
"Ld04_20","Ld04",380000,400000,1,0.6271
"Ld04_21","Ld04",400000,420000,1,0.63565
"Ld04_22","Ld04",420000,440000,0.967742,0.5831
"Ld04_23","Ld04",440000,460000,1,0.57955
"Ld04_24","Ld04",460000,469189,1,0.526064
"Ld05_1","Ld05",0,20000,1,0.53825
"Ld05_2","Ld05",20000,40000,1,0.58645
"Ld05_3","Ld05",40000,60000,984,0.6266
"Ld05_4","Ld05",60000,80000,1,0.6243
"Ld05_5","Ld05",80000,100000,1,0.62245
"Ld05_6","Ld05",100000,120000,0.92517,0.6227
"Ld05_7","Ld05",120000,140000,1,0.62605
"Ld05_8","Ld05",140000,160000,0.917293,0.5955
"Ld05_9","Ld05",160000,180000,0.627119,0.6394
"Ld05_10","Ld05",180000,200000,1,0.6329
"Ld05_11","Ld05",200000,220000,1,0.6536
"Ld05_12","Ld05",220000,240000,1,0.65105
"Ld05_13","Ld05",240000,260000,1,0.66455
"Ld05_14","Ld05",260000,280000,1,0.63345
"Ld05_15","Ld05",280000,300000,1,0.63415
"Ld05_16","Ld05",300000,320000,1,0.6343
"Ld05_17","Ld05",320000,340000,1,0.64345
"Ld05_18","Ld05",340000,360000,1,0.61965
"Ld05_19","Ld05",360000,380000,1,0.61525
"Ld05_20","Ld05",380000,400000,0.982301,0.56785
"Ld05_21","Ld05",400000,420000,0.984615,0.61455
"Ld05_22","Ld05",420000,440000,1,0.60565
"Ld05_23","Ld05",440000,460000,0.507463,0.5979
"Ld05_24","Ld05",460000,475830,0.189873,0.650979
"Ld06_1","Ld06",0,20000,0.983607,0.5487
"Ld06_2","Ld06",20000,40000,0.900621,0.5783
"Ld06_3","Ld06",40000,60000,0.638298,0.6104
"Ld06_4","Ld06",60000,80000,1,0.62765
"Ld06_5","Ld06",80000,100000,1,0.62205
"Ld06_6","Ld06",100000,120000,1,0.60685
"Ld06_7","Ld06",120000,140000,1,0.53795
"Ld06_8","Ld06",140000,160000,0.917355,0.6081
"Ld06_9","Ld06",160000,180000,1,0.62835
"Ld06_10","Ld06",180000,200000,1,0.63965
"Ld06_11","Ld06",200000,220000,0.982609,0.61915
"Ld06_12","Ld06",220000,240000,1,0.6306
"Ld06_13","Ld06",240000,260000,1,0.64475
"Ld06_14","Ld06",260000,280000,0.956522,0.5343
"Ld06_15","Ld06",280000,300000,0.917293,0.59295
"Ld06_16","Ld06",300000,320000,1,0.62585
"Ld06_17","Ld06",320000,340000,1,0.6464
"Ld06_18","Ld06",340000,360000,1,0.6452
"Ld06_19","Ld06",360000,380000,1,0.64565
"Ld06_20","Ld06",380000,400000,1,0.64545
"Ld06_21","Ld06",400000,420000,1,0.6434
"Ld06_22","Ld06",420000,440000,1,0.6278
"Ld06_23","Ld06",440000,460000,1,0.64095
"Ld06_24","Ld06",460000,480000,1,0.64255
"Ld06_25","Ld06",480000,500000,1,0.6263
"Ld06_26","Ld06",500000,520000,1,0.6181
"Ld06_27","Ld06",520000,534750,0.8,0.532203
"Ld07_1","Ld07",0,20000,1,0.5344
"Ld07_2","Ld07",20000,40000,1,0.5985
"Ld07_3","Ld07",40000,60000,1,0.63485
"Ld07_4","Ld07",60000,80000,0.984252,0.65765
"Ld07_5","Ld07",80000,100000,1,0.6368
"Ld07_6","Ld07",100000,120000,0.981481,0.6409
"Ld07_7","Ld07",120000,140000,1,0.63765
"Ld07_8","Ld07",140000,160000,0.984496,0.62315
"Ld07_9","Ld07",160000,180000,1,0.62315
"Ld07_10","Ld07",180000,200000,0.968992,0.6046
"Ld07_11","Ld07",200000,220000,0.832061,0.55865
"Ld07_12","Ld07",220000,240000,1,0.5995
"Ld07_13","Ld07",240000,260000,1,0.59185
"Ld07_14","Ld07",260000,280000,1,0.6278
"Ld07_15","Ld07",280000,300000,0.781513,0.6056
"Ld07_16","Ld07",300000,320000,0.909774,0.63525
"Ld07_17","Ld07",320000,340000,1,0.63315
"Ld07_18","Ld07",340000,360000,1,0.6193
"Ld07_19","Ld07",360000,380000,1,0.61825
"Ld07_20","Ld07",380000,400000,0.945736,0.57855
"Ld07_21","Ld07",400000,420000,0.92623,0.6104
"Ld07_22","Ld07",420000,440000,0.802632,0.60725
"Ld07_23","Ld07",440000,460000,1,0.61295
"Ld07_24","Ld07",460000,480000,1,0.6083
"Ld07_25","Ld07",480000,500000,1,0.6494
"Ld07_26","Ld07",500000,520000,1,0.6413
"Ld07_27","Ld07",520000,540000,1,0.624
"Ld07_28","Ld07",540000,560000,1,0.61365
"Ld07_29","Ld07",560000,580000,0.969466,0.60575
"Ld07_30","Ld07",580000,596126,0.915966,0.573732
"Ld08_1","Ld08",0,20000,0.919708,0.54135
"Ld08_2","Ld08",20000,40000,1,0.60365
"Ld08_3","Ld08",40000,60000,1,0.61665
"Ld08_4","Ld08",60000,80000,1,0.59425
"Ld08_5","Ld08",80000,100000,1,0.63585
"Ld08_6","Ld08",100000,120000,1,0.6324
"Ld08_7","Ld08",120000,140000,1,0.6522
"Ld08_8","Ld08",140000,160000,1,0.64695
"Ld08_9","Ld08",160000,180000,1,0.63895
"Ld08_10","Ld08",180000,200000,1,0.6304
"Ld08_11","Ld08",200000,220000,1,0.64305
"Ld08_12","Ld08",220000,240000,0.985294,0.5975
"Ld08_13","Ld08",240000,260000,1,0.5891
"Ld08_14","Ld08",260000,280000,1,0.60775
"Ld08_15","Ld08",280000,300000,0.725806,0.6237
"Ld08_16","Ld08",300000,320000,0.145161,0.55515
"Ld08_17","Ld08",320000,340000,0.163265,0.6571
"Ld08_18","Ld08",340000,360000,0.330579,0.5005
"Ld08_19","Ld08",360000,380000,0.64,0.6361
"Ld08_20","Ld08",380000,400000,0.110236,0.65895
"Ld08_21","Ld08",400000,420000,0.788618,0.6161
"Ld08_22","Ld08",420000,440000,1,0.63005
"Ld08_23","Ld08",440000,460000,1,0.6114
"Ld08_24","Ld08",460000,480000,0.758865,0.6255
"Ld08_25","Ld08",480000,500000,0.9,0.57045
"Ld08_26","Ld08",500000,520000,1,0.58705
"Ld08_27","Ld08",520000,540000,0.896341,0.6211
"Ld08_28","Ld08",540000,560000,0.771242,0.63325
"Ld08_29","Ld08",560000,570547,0.419355,0.650137
"Ld09_1","Ld09",0,20000,0.963768,0.53455
"Ld09_2","Ld09",20000,40000,1,0.5277
"Ld09_3","Ld09",40000,60000,1,0.59795
"Ld09_4","Ld09",60000,80000,0.920635,0.6264
"Ld09_5","Ld09",80000,100000,1,0.62415
"Ld09_6","Ld09",100000,120000,0.966942,0.6283
"Ld09_7","Ld09",120000,140000,1,0.62395
"Ld09_8","Ld09",140000,160000,0.902439,0.63195
"Ld09_9","Ld09",160000,180000,1,0.64015
"Ld09_10","Ld09",180000,200000,1,0.63085
"Ld09_11","Ld09",200000,220000,1,0.6161
"Ld09_12","Ld09",220000,240000,1,0.60495
"Ld09_13","Ld09",240000,260000,1,0.62095
"Ld09_14","Ld09",260000,280000,1,0.6005
"Ld09_15","Ld09",280000,300000,1,0.6443
"Ld09_16","Ld09",300000,320000,1,0.62325
"Ld09_17","Ld09",320000,340000,1,0.622
"Ld09_18","Ld09",340000,360000,0.973333,0.60555
"Ld09_19","Ld09",360000,380000,0.922481,0.6229
"Ld09_20","Ld09",380000,400000,1,0.5836
"Ld09_21","Ld09",400000,420000,0.956204,0.5851
"Ld09_22","Ld09",420000,440000,0.943662,0.6039
"Ld09_23","Ld09",440000,460000,1,0.6257
"Ld09_24","Ld09",460000,480000,1,0.6461
"Ld09_25","Ld09",480000,500000,1,0.6352
"Ld09_26","Ld09",500000,520000,1,0.6155
"Ld09_27","Ld09",520000,540000,1,0.6074
"Ld09_28","Ld09",540000,560000,1,0.56545
"Ld09_29","Ld09",560000,567996,0.976744,0.523512
"Ld10_1","Ld10",0,20000,0.490566,0.52405
"Ld10_2","Ld10",20000,40000,1,0.5693
"Ld10_3","Ld10",40000,60000,1,0.58085
"Ld10_4","Ld10",60000,80000,0.986395,0.59415
"Ld10_5","Ld10",80000,100000,1,0.6026
"Ld10_6","Ld10",100000,120000,1,0.60675
"Ld10_7","Ld10",120000,140000,1,0.62825
"Ld10_8","Ld10",140000,160000,975,0.61335
"Ld10_9","Ld10",160000,180000,0.984962,0.56435
"Ld10_10","Ld10",180000,200000,0.967742,0.59875
"Ld10_11","Ld10",200000,220000,0.925926,0.6057
"Ld10_12","Ld10",220000,240000,0.340136,0.6735
"Ld10_13","Ld10",240000,260000,0.140625,0.69565
"Ld10_14","Ld10",260000,280000,0.287879,0.6584
"Ld10_15","Ld10",280000,300000,1,0.6029
"Ld10_16","Ld10",300000,320000,1,0.62715
"Ld10_17","Ld10",320000,340000,1,0.5933
"Ld10_18","Ld10",340000,360000,1,0.58295
"Ld10_19","Ld10",360000,380000,1,0.6285
"Ld10_20","Ld10",380000,400000,0.731343,0.6003
"Ld10_21","Ld10",400000,420000,1,0.62395
"Ld10_22","Ld10",420000,440000,1,0.64295
"Ld10_23","Ld10",440000,460000,1,0.63645
"Ld10_24","Ld10",460000,480000,1,0.61375
"Ld10_25","Ld10",480000,500000,1,0.61545
"Ld10_26","Ld10",500000,520000,1,0.62365
"Ld10_27","Ld10",520000,540000,1,0.61445
"Ld10_28","Ld10",540000,560000,1,0.58455
"Ld10_29","Ld10",560000,580000,0.986395,0.51655
"Ld10_30","Ld10",580000,600000,0.673913,0.5513
"Ld10_31","Ld10",600000,605656,0.52,0.5686
"Ld11_1","Ld11",0,20000,1,0.53255
"Ld11_2","Ld11",20000,40000,0.97541,0.59335
"Ld11_3","Ld11",40000,60000,1,0.6099
"Ld11_4","Ld11",60000,80000,1,0.6175
"Ld11_5","Ld11",80000,100000,1,0.62555
"Ld11_6","Ld11",100000,120000,1,0.6091
"Ld11_7","Ld11",120000,140000,1,0.61135
"Ld11_8","Ld11",140000,160000,1,0.6018
"Ld11_9","Ld11",160000,180000,0.987879,0.54685
"Ld11_10","Ld11",180000,200000,0.888889,0.58405
"Ld11_11","Ld11",200000,220000,0.927928,0.597
"Ld11_12","Ld11",220000,240000,0.983333,0.5559
"Ld11_13","Ld11",240000,260000,0.869863,0.6038
"Ld11_14","Ld11",260000,280000,0.891473,0.5795
"Ld11_15","Ld11",280000,300000,1,0.60685
"Ld11_16","Ld11",300000,320000,1,0.59385
"Ld11_17","Ld11",320000,340000,1,0.6122
"Ld11_18","Ld11",340000,360000,0.971831,0.60495
"Ld11_19","Ld11",360000,380000,1,0.58945
"Ld11_20","Ld11",380000,400000,1,0.5976
"Ld11_21","Ld11",400000,420000,1,0.5705
"Ld11_22","Ld11",420000,440000,1,0.5988
"Ld11_23","Ld11",440000,460000,0.925926,0.6025
"Ld11_24","Ld11",460000,480000,1,0.6042
"Ld11_25","Ld11",480000,500000,0.173913,0.59885
"Ld11_26","Ld11",500000,520000,0.351351,0.60675
"Ld11_27","Ld11",520000,540000,0.213115,0.6063
"Ld11_28","Ld11",540000,560000,0.986111,0.58565
"Ld11_29","Ld11",560000,580000,1,0.59005
"Ld11_30","Ld11",580000,593945,0.979381,0.577626
"Ld12_1","Ld12",0,20000,984,0.5478
"Ld12_2","Ld12",20000,40000,1,0.6041
"Ld12_3","Ld12",40000,60000,1,0.62815
"Ld12_4","Ld12",60000,80000,1,0.63565
"Ld12_5","Ld12",80000,100000,1,0.6446
"Ld12_6","Ld12",100000,120000,1,0.63695
"Ld12_7","Ld12",120000,140000,1,0.64665
"Ld12_8","Ld12",140000,160000,1,0.616
"Ld12_9","Ld12",160000,180000,1,0.6128
"Ld12_10","Ld12",180000,200000,1,0.59615
"Ld12_11","Ld12",200000,220000,1,0.5427
"Ld12_12","Ld12",220000,240000,0.970803,0.54915
"Ld12_13","Ld12",240000,260000,1,0.51675
"Ld12_14","Ld12",260000,280000,1,0.53615
"Ld12_15","Ld12",280000,300000,0.913043,0.5418
"Ld12_16","Ld12",300000,320000,1,0.59175
"Ld12_17","Ld12",320000,340000,1,0.6173
"Ld12_18","Ld12",340000,360000,1,0.5905
"Ld12_19","Ld12",360000,380000,0.889831,0.6091
"Ld12_20","Ld12",380000,400000,0.425532,0.29125
"Ld12_21","Ld12",400000,420000,0.315315,0.52895
"Ld12_22","Ld12",420000,440000,0.25,0.0903
"Ld12_23","Ld12",440000,460000,0,0
"Ld12_24","Ld12",460000,480000,0,0
"Ld12_25","Ld12",480000,500000,0,0
"Ld12_26","Ld12",500000,520000,0.311688,0.53495
"Ld12_27","Ld12",520000,540000,0.556291,0.7
"Ld12_28","Ld12",540000,560000,1,0.68015
"Ld12_29","Ld12",560000,580000,0.642857,0.70005
"Ld12_30","Ld12",580000,600000,0.382716,0.70655
"Ld12_31","Ld12",600000,620000,1,0.6284
"Ld12_32","Ld12",620000,640000,0.970588,0.5863
"Ld12_33","Ld12",640000,660000,1,0.6235
"Ld12_34","Ld12",660000,680000,1,0.62085
"Ld12_35","Ld12",680000,700000,0.953125,0.60345
"Ld12_36","Ld12",700000,720000,1,0.5993
"Ld12_37","Ld12",720000,729891,0.96875,0.573046
"Ld13_1","Ld13",0,20000,0.983193,0.5914
"Ld13_2","Ld13",20000,40000,1,0.5857
"Ld13_3","Ld13",40000,60000,1,0.5987
"Ld13_4","Ld13",60000,80000,1,0.60115
"Ld13_5","Ld13",80000,100000,0.628099,0.63685
"Ld13_6","Ld13",100000,120000,0.428571,0.62865
"Ld13_7","Ld13",120000,140000,1,0.5612
"Ld13_8","Ld13",140000,160000,0.932584,0.56575
"Ld13_9","Ld13",160000,180000,0.985075,0.60125
"Ld13_10","Ld13",180000,200000,1,0.61495
"Ld13_11","Ld13",200000,220000,1,0.6187
"Ld13_12","Ld13",220000,240000,1,0.6402
"Ld13_13","Ld13",240000,260000,1,0.6254
"Ld13_14","Ld13",260000,280000,1,0.6229
"Ld13_15","Ld13",280000,300000,0.991736,0.6236
"Ld13_16","Ld13",300000,320000,1,0.63055
"Ld13_17","Ld13",320000,340000,1,0.6346
"Ld13_18","Ld13",340000,360000,1,0.62645
"Ld13_19","Ld13",360000,380000,1,0.61155
"Ld13_20","Ld13",380000,400000,1,0.6058
"Ld13_21","Ld13",400000,420000,0.960784,0.57535
"Ld13_22","Ld13",420000,440000,0.987654,0.5997
"Ld13_23","Ld13",440000,460000,0.926606,0.5128
"Ld13_24","Ld13",460000,480000,1,0.61145
"Ld13_25","Ld13",480000,500000,1,0.584
"Ld13_26","Ld13",500000,520000,0.956522,0.61695
"Ld13_27","Ld13",520000,540000,1,0.6529
"Ld13_28","Ld13",540000,560000,0.910448,0.60825
"Ld13_29","Ld13",560000,580000,0.974522,0.60125
"Ld13_30","Ld13",580000,600000,0.889655,0.57725
"Ld13_31","Ld13",600000,620000,1,0.5916
"Ld13_32","Ld13",620000,640000,1,0.58305
"Ld13_33","Ld13",640000,656930,1,0.519256
"Ld14_1","Ld14",0,20000,0.879518,0.52995
"Ld14_2","Ld14",20000,40000,0.986014,0.58595
"Ld14_3","Ld14",40000,60000,1,0.60535
"Ld14_4","Ld14",60000,80000,1,0.6218
"Ld14_5","Ld14",80000,100000,1,0.61045
"Ld14_6","Ld14",100000,120000,0.971223,0.6198
"Ld14_7","Ld14",120000,140000,0.821138,0.61825
"Ld14_8","Ld14",140000,160000,0.779412,0.59935
"Ld14_9","Ld14",160000,180000,1,0.60485
"Ld14_10","Ld14",180000,200000,0.841727,0.5621
"Ld14_11","Ld14",200000,220000,1,0.57755
"Ld14_12","Ld14",220000,240000,1,0.6086
"Ld14_13","Ld14",240000,260000,0.924812,0.55595
"Ld14_14","Ld14",260000,280000,0.373333,0.58605
"Ld14_15","Ld14",280000,300000,0.966667,0.56545
"Ld14_16","Ld14",300000,320000,0.956835,0.6026
"Ld14_17","Ld14",320000,340000,1,0.62825
"Ld14_18","Ld14",340000,360000,1,0.6058
"Ld14_19","Ld14",360000,380000,1,0.6086
"Ld14_20","Ld14",380000,400000,1,0.6005
"Ld14_21","Ld14",400000,420000,1,0.62005
"Ld14_22","Ld14",420000,440000,0.983607,0.5741
"Ld14_23","Ld14",440000,460000,1,0.53775
"Ld14_24","Ld14",460000,480000,1,0.6038
"Ld14_25","Ld14",480000,500000,0.876712,0.6412
"Ld14_26","Ld14",500000,520000,0.72381,0.6408
"Ld14_27","Ld14",520000,540000,1,0.60875
"Ld14_28","Ld14",540000,560000,0.985714,0.6216
"Ld14_29","Ld14",560000,580000,0.970803,0.6203
"Ld14_30","Ld14",580000,600000,1,0.5975
"Ld14_31","Ld14",600000,620000,1,0.6107
"Ld14_32","Ld14",620000,640000,0.984375,0.5957
"Ld14_33","Ld14",640000,654418,0.77907,0.581634
"Ld15_1","Ld15",0,20000,1,0.5561
"Ld15_2","Ld15",20000,40000,0.986301,0.6109
"Ld15_3","Ld15",40000,60000,1,0.58545
"Ld15_4","Ld15",60000,80000,0.991736,0.59385
"Ld15_5","Ld15",80000,100000,0.962617,0.56335
"Ld15_6","Ld15",100000,120000,0.985915,0.6163
"Ld15_7","Ld15",120000,140000,1,0.6126
"Ld15_8","Ld15",140000,160000,1,0.62765
"Ld15_9","Ld15",160000,180000,0.269231,0.7202
"Ld15_10","Ld15",180000,200000,0.0152672,0.73615
"Ld15_11","Ld15",200000,220000,0.201493,0.7203
"Ld15_12","Ld15",220000,240000,1,0.6292
"Ld15_13","Ld15",240000,260000,1,0.63265
"Ld15_14","Ld15",260000,280000,1,0.61985
"Ld15_15","Ld15",280000,300000,1,0.5971
"Ld15_16","Ld15",300000,320000,1,0.5882
"Ld15_17","Ld15",320000,340000,1,0.6246
"Ld15_18","Ld15",340000,360000,1,0.5855
"Ld15_19","Ld15",360000,380000,1,0.62095
"Ld15_20","Ld15",380000,400000,1,0.64405
"Ld15_21","Ld15",400000,420000,1,0.6332
"Ld15_22","Ld15",420000,440000,0.985714,0.62785
"Ld15_23","Ld15",440000,460000,1,0.62265
"Ld15_24","Ld15",460000,480000,0.985401,0.60105
"Ld15_25","Ld15",480000,500000,0.942029,0.63985
"Ld15_26","Ld15",500000,520000,1,0.63265
"Ld15_27","Ld15",520000,540000,0.95,0.6182
"Ld15_28","Ld15",540000,560000,0.98374,0.6294
"Ld15_29","Ld15",560000,580000,1,0.6295
"Ld15_30","Ld15",580000,600000,0.981308,0.61685
"Ld15_31","Ld15",600000,620000,0.869281,0.5865
"Ld15_32","Ld15",620000,640000,1,0.55615
"Ld15_33","Ld15",640000,650735,1,0.497625
"Ld16_1","Ld16",0,20000,1,0.587
"Ld16_2","Ld16",20000,40000,1,0.59965
"Ld16_3","Ld16",40000,60000,1,0.61905
"Ld16_4","Ld16",60000,80000,1,0.60695
"Ld16_5","Ld16",80000,100000,1,0.62665
"Ld16_6","Ld16",100000,120000,1,0.625
"Ld16_7","Ld16",120000,140000,1,0.6145
"Ld16_8","Ld16",140000,160000,0.763314,0.6291
"Ld16_9","Ld16",160000,180000,0.834586,0.6059
"Ld16_10","Ld16",180000,200000,0.956522,0.62045
"Ld16_11","Ld16",200000,220000,0.927273,0.6272
"Ld16_12","Ld16",220000,240000,1,0.62915
"Ld16_13","Ld16",240000,260000,1,0.6406
"Ld16_14","Ld16",260000,280000,1,0.6203
"Ld16_15","Ld16",280000,300000,1,0.61795
"Ld16_16","Ld16",300000,320000,1,0.59905
"Ld16_17","Ld16",320000,340000,1,0.55285
"Ld16_18","Ld16",340000,360000,1,0.56985
"Ld16_19","Ld16",360000,380000,0.489933,0.6308
"Ld16_20","Ld16",380000,400000,0.909774,0.6219
"Ld16_21","Ld16",400000,420000,1,0.6021
"Ld16_22","Ld16",420000,440000,1,0.62895
"Ld16_23","Ld16",440000,460000,1,0.62235
"Ld16_24","Ld16",460000,480000,1,0.64075
"Ld16_25","Ld16",480000,500000,1,0.63515
"Ld16_26","Ld16",500000,520000,1,0.62265
"Ld16_27","Ld16",520000,540000,1,0.6374
"Ld16_28","Ld16",540000,560000,1,0.6146
"Ld16_29","Ld16",560000,580000,0.590604,0.61055
"Ld16_30","Ld16",580000,600000,0.769231,0.6459
"Ld16_31","Ld16",600000,620000,0.825688,0.60595
"Ld16_32","Ld16",620000,640000,1,0.5609
"Ld16_33","Ld16",640000,660000,1,0.6041
"Ld16_34","Ld16",660000,680000,0.986928,0.5964
"Ld16_35","Ld16",680000,697908,0.802817,0.577954
"Ld17_1","Ld17",0,20000,0.987342,0.5551
"Ld17_2","Ld17",20000,40000,0.433962,0.63315
"Ld17_3","Ld17",40000,60000,0.197183,0.6502
"Ld17_4","Ld17",60000,80000,0.765625,0.6044
"Ld17_5","Ld17",80000,100000,0.689922,0.59315
"Ld17_6","Ld17",100000,120000,0.753247,0.6175
"Ld17_7","Ld17",120000,140000,0.983333,0.6072
"Ld17_8","Ld17",140000,160000,1,0.6005
"Ld17_9","Ld17",160000,180000,0.986755,0.60785
"Ld17_10","Ld17",180000,200000,0.969231,0.61445
"Ld17_11","Ld17",200000,220000,1,0.6081
"Ld17_12","Ld17",220000,240000,1,0.6304
"Ld17_13","Ld17",240000,260000,1,0.6258
"Ld17_14","Ld17",260000,280000,1,0.62075
"Ld17_15","Ld17",280000,300000,1,0.62325
"Ld17_16","Ld17",300000,320000,1,0.6231
"Ld17_17","Ld17",320000,340000,0.957143,0.58435
"Ld17_18","Ld17",340000,360000,0.932203,0.5696
"Ld17_19","Ld17",360000,380000,0.984962,0.623
"Ld17_20","Ld17",380000,400000,0.963855,0.61255
"Ld17_21","Ld17",400000,420000,1,0.5784
"Ld17_22","Ld17",420000,440000,1,0.53875
"Ld17_23","Ld17",440000,460000,1,0.6185
"Ld17_24","Ld17",460000,480000,1,0.62095
"Ld17_25","Ld17",480000,500000,1,0.6369
"Ld17_26","Ld17",500000,520000,1,0.6329
"Ld17_27","Ld17",520000,540000,0.984733,0.6123
"Ld17_28","Ld17",540000,560000,1,0.6222
"Ld17_29","Ld17",560000,580000,0.970588,0.6387
"Ld17_30","Ld17",580000,600000,1,0.62685
"Ld17_31","Ld17",600000,620000,1,0.6277
"Ld17_32","Ld17",620000,640000,0.98374,0.61555
"Ld17_33","Ld17",640000,660000,0.985612,0.60535
"Ld17_34","Ld17",660000,680000,1,0.59555
"Ld17_35","Ld17",680000,697748,0.902439,0.588235
"Ld18_1","Ld18",0,20000,0.920635,0.58125
"Ld18_2","Ld18",20000,40000,1,0.596
"Ld18_3","Ld18",40000,60000,0.973154,0.56335
"Ld18_4","Ld18",60000,80000,0.986755,0.53765
"Ld18_5","Ld18",80000,100000,1,0.53625
"Ld18_6","Ld18",100000,120000,1,0.5854
"Ld18_7","Ld18",120000,140000,1,0.58215
"Ld18_8","Ld18",140000,160000,0.985714,0.61805
"Ld18_9","Ld18",160000,180000,0.855072,0.59495
"Ld18_10","Ld18",180000,200000,1,0.5876
"Ld18_11","Ld18",200000,220000,1,0.56495
"Ld18_12","Ld18",220000,240000,1,0.5225
"Ld18_13","Ld18",240000,260000,1,0.5913
"Ld18_14","Ld18",260000,280000,1,0.6038
"Ld18_15","Ld18",280000,300000,0.930435,0.5897
"Ld18_16","Ld18",300000,320000,1,0.61945
"Ld18_17","Ld18",320000,340000,1,0.62515
"Ld18_18","Ld18",340000,360000,1,0.64005
"Ld18_19","Ld18",360000,380000,1,0.6284
"Ld18_20","Ld18",380000,400000,1,0.6388
"Ld18_21","Ld18",400000,420000,1,0.6077
"Ld18_22","Ld18",420000,440000,0.931034,0.6236
"Ld18_23","Ld18",440000,460000,1,0.5283
"Ld18_24","Ld18",460000,480000,1,0.59075
"Ld18_25","Ld18",480000,500000,0.929825,0.61145
"Ld18_26","Ld18",500000,520000,0.432624,0.61305
"Ld18_27","Ld18",520000,540000,0.679487,0.59635
"Ld18_28","Ld18",540000,560000,0.971631,0.56685
"Ld18_29","Ld18",560000,580000,0.967742,0.5255
"Ld18_30","Ld18",580000,600000,1,0.5663
"Ld18_31","Ld18",600000,620000,0.987342,0.5941
"Ld18_32","Ld18",620000,640000,1,0.59585
"Ld18_33","Ld18",640000,660000,0.963504,0.614
"Ld18_34","Ld18",660000,680000,0.771812,0.61255
"Ld18_35","Ld18",680000,700000,1,0.59625
"Ld18_36","Ld18",700000,720000,0.986395,0.57115
"Ld18_37","Ld18",720000,724296,0.68,0.532821
"Ld19_1","Ld19",0,20000,0.766667,0.56935
"Ld19_2","Ld19",20000,40000,0.846154,0.5861
"Ld19_3","Ld19",40000,60000,0.970588,0.57255
"Ld19_4","Ld19",60000,80000,0.939394,0.53715
"Ld19_5","Ld19",80000,100000,1,0.5567
"Ld19_6","Ld19",100000,120000,1,0.57915
"Ld19_7","Ld19",120000,140000,0.575758,0.6021
"Ld19_8","Ld19",140000,160000,1,0.60615
"Ld19_9","Ld19",160000,180000,1,0.60055
"Ld19_10","Ld19",180000,200000,0.985612,0.6126
"Ld19_11","Ld19",200000,220000,0.984848,0.61355
"Ld19_12","Ld19",220000,240000,0.975207,0.60415
"Ld19_13","Ld19",240000,260000,0.917808,0.59335
"Ld19_14","Ld19",260000,280000,1,0.5809
"Ld19_15","Ld19",280000,300000,1,0.5886
"Ld19_16","Ld19",300000,320000,0.986395,0.6137
"Ld19_17","Ld19",320000,340000,0.985185,0.60785
"Ld19_18","Ld19",340000,360000,1,0.5993
"Ld19_19","Ld19",360000,380000,0.632353,0.62115
"Ld19_20","Ld19",380000,400000,0.911765,0.594
"Ld19_21","Ld19",400000,420000,0.857143,0.58055
"Ld19_22","Ld19",420000,440000,1,0.59915
"Ld19_23","Ld19",440000,460000,1,0.61595
"Ld19_24","Ld19",460000,480000,0.958621,0.63915
"Ld19_25","Ld19",480000,500000,1,0.6354
"Ld19_26","Ld19",500000,520000,1,0.6375
"Ld19_27","Ld19",520000,540000,1,0.6215
"Ld19_28","Ld19",540000,560000,1,0.6163
"Ld19_29","Ld19",560000,580000,0.893805,0.5951
"Ld19_30","Ld19",580000,600000,0.0283688,0.61135
"Ld19_31","Ld19",600000,620000,0.692308,0.5848
"Ld19_32","Ld19",620000,640000,0.888112,0.59975
"Ld19_33","Ld19",640000,660000,1,0.55985
"Ld19_34","Ld19",660000,680000,0.706294,0.60335
"Ld19_35","Ld19",680000,700000,1,0.59645
"Ld19_36","Ld19",700000,720000,0.606299,0.55595
"Ld19_37","Ld19",720000,735217,0.291262,0.535322
"Ld20_1","Ld20",0,20000,0.948276,0.57375
"Ld20_2","Ld20",20000,40000,0.909836,0.5854
"Ld20_3","Ld20",40000,60000,0.963636,0.6045
"Ld20_4","Ld20",60000,80000,1,0.61205
"Ld20_5","Ld20",80000,100000,1,0.60995
"Ld20_6","Ld20",100000,120000,0.985075,0.5711
"Ld20_7","Ld20",120000,140000,0.695364,0.60215
"Ld20_8","Ld20",140000,160000,0.982759,0.60855
"Ld20_9","Ld20",160000,180000,1,0.62725
"Ld20_10","Ld20",180000,200000,1,0.60815
"Ld20_11","Ld20",200000,220000,0.944828,0.616
"Ld20_12","Ld20",220000,240000,0.906542,0.62065
"Ld20_13","Ld20",240000,260000,1,0.5965
"Ld20_14","Ld20",260000,280000,1,0.5466
"Ld20_15","Ld20",280000,300000,0.912409,0.55375
"Ld20_16","Ld20",300000,320000,0.958621,0.59575
"Ld20_17","Ld20",320000,340000,1,0.6147
"Ld20_18","Ld20",340000,360000,1,0.59275
"Ld20_19","Ld20",360000,380000,1,0.6249
"Ld20_20","Ld20",380000,400000,1,0.61255
"Ld20_21","Ld20",400000,420000,1,0.5949
"Ld20_22","Ld20",420000,440000,1,0.5631
"Ld20_23","Ld20",440000,460000,0.926829,0.6005
"Ld20_24","Ld20",460000,480000,1,0.6335
"Ld20_25","Ld20",480000,500000,0.985075,0.6022
"Ld20_26","Ld20",500000,520000,1,0.575
"Ld20_27","Ld20",520000,540000,0.794118,0.54015
"Ld20_28","Ld20",540000,560000,1,0.56535
"Ld20_29","Ld20",560000,580000,1,0.6119
"Ld20_30","Ld20",580000,600000,1,0.57415
"Ld20_31","Ld20",600000,620000,0.89916,0.60535
"Ld20_32","Ld20",620000,640000,0.973333,0.62265
"Ld20_33","Ld20",640000,660000,1,0.64055
"Ld20_34","Ld20",660000,680000,1,0.6418
"Ld20_35","Ld20",680000,700000,0.947368,0.60865
"Ld20_36","Ld20",700000,720000,0.903226,0.59495
"Ld20_37","Ld20",720000,737303,0.929688,0.56233
"Ld21_1","Ld21",0,20000,0.639752,0.5432
"Ld21_2","Ld21",20000,40000,1,0.57465
"Ld21_3","Ld21",40000,60000,1,0.60715
"Ld21_4","Ld21",60000,80000,1,0.63505
"Ld21_5","Ld21",80000,100000,0.949367,0.62805
"Ld21_6","Ld21",100000,120000,1,0.63455
"Ld21_7","Ld21",120000,140000,0.986207,0.62005
"Ld21_8","Ld21",140000,160000,1,0.61525
"Ld21_9","Ld21",160000,180000,984,0.6324
"Ld21_10","Ld21",180000,200000,0.974026,0.621
"Ld21_11","Ld21",200000,220000,0.985294,0.58645
"Ld21_12","Ld21",220000,240000,0.972028,0.53445
"Ld21_13","Ld21",240000,260000,1,0.56545
"Ld21_14","Ld21",260000,280000,1,0.60785
"Ld21_15","Ld21",280000,300000,0.969231,0.6119
"Ld21_16","Ld21",300000,320000,0.981481,0.59765
"Ld21_17","Ld21",320000,340000,1,0.6405
"Ld21_18","Ld21",340000,360000,0.984733,0.6181
"Ld21_19","Ld21",360000,380000,1,0.6373
"Ld21_20","Ld21",380000,400000,0.916667,0.61175
"Ld21_21","Ld21",400000,420000,1,0.62845
"Ld21_22","Ld21",420000,440000,1,0.6132
"Ld21_23","Ld21",440000,460000,984,0.6118
"Ld21_24","Ld21",460000,480000,1,0.62375
"Ld21_25","Ld21",480000,500000,1,0.59425
"Ld21_26","Ld21",500000,520000,1,0.6079
"Ld21_27","Ld21",520000,540000,1,0.6095
"Ld21_28","Ld21",540000,560000,1,0.6116
"Ld21_29","Ld21",560000,580000,1,0.6288
"Ld21_30","Ld21",580000,600000,1,0.61315
"Ld21_31","Ld21",600000,620000,1,0.6153
"Ld21_32","Ld21",620000,640000,1,0.61405
"Ld21_33","Ld21",640000,660000,0.922581,0.5927
"Ld21_34","Ld21",660000,680000,1,0.6116
"Ld21_35","Ld21",680000,700000,0.918033,0.58025
"Ld21_36","Ld21",700000,720000,0.980769,0.5682
"Ld21_37","Ld21",720000,740000,0.940299,0.5307
"Ld21_38","Ld21",740000,760000,0.953488,0.58595
"Ld21_39","Ld21",760000,770349,0.594595,0.567688
"Ld22_1","Ld22",0,20000,0.770492,0.5696
"Ld22_2","Ld22",20000,40000,1,0.56425
"Ld22_3","Ld22",40000,60000,1,0.56165
"Ld22_4","Ld22",60000,80000,1,0.5721
"Ld22_5","Ld22",80000,100000,1,0.5804
"Ld22_6","Ld22",100000,120000,1,0.591
"Ld22_7","Ld22",120000,140000,1,0.5882
"Ld22_8","Ld22",140000,160000,1,0.6033
"Ld22_9","Ld22",160000,180000,0.323529,0.7208
"Ld22_10","Ld22",180000,200000,0.972222,0.6045
"Ld22_11","Ld22",200000,220000,1,0.6214
"Ld22_12","Ld22",220000,240000,1,0.5924
"Ld22_13","Ld22",240000,260000,1,0.59795
"Ld22_14","Ld22",260000,280000,0.563636,0.63165
"Ld22_15","Ld22",280000,300000,0.321429,0.6278
"Ld22_16","Ld22",300000,320000,1,0.5165
"Ld22_17","Ld22",320000,340000,0.916084,0.57105
"Ld22_18","Ld22",340000,360000,0.368794,0.64035
"Ld22_19","Ld22",360000,380000,0.807947,0.62015
"Ld22_20","Ld22",380000,400000,0.623188,0.6152
"Ld22_21","Ld22",400000,420000,0.681416,0.5996
"Ld22_22","Ld22",420000,440000,1,0.6303
"Ld22_23","Ld22",440000,460000,1,0.6209
"Ld22_24","Ld22",460000,480000,1,0.62185
"Ld22_25","Ld22",480000,500000,1,0.63745
"Ld22_26","Ld22",500000,520000,1,0.60705
"Ld22_27","Ld22",520000,540000,1,0.62695
"Ld22_28","Ld22",540000,560000,0.970803,0.61585
"Ld22_29","Ld22",560000,580000,0.804348,0.6314
"Ld22_30","Ld22",580000,600000,0.979167,0.59825
"Ld22_31","Ld22",600000,620000,0.953488,0.56695
"Ld22_32","Ld22",620000,640000,1,0.53455
"Ld22_33","Ld22",640000,660000,0.961039,0.5659
"Ld22_34","Ld22",660000,680000,1,0.59095
"Ld22_35","Ld22",680000,700000,0.982301,0.6097
"Ld22_36","Ld22",700000,720000,0.883117,0.59205
"Ld22_37","Ld22",720000,740000,0.492063,0.5283
"Ld22_38","Ld22",740000,751006,0.705263,0.507723
"Ld23_1","Ld23",0,20000,0.585034,0.5297
"Ld23_2","Ld23",20000,40000,1,0.5628
"Ld23_3","Ld23",40000,60000,1,0.58905
"Ld23_4","Ld23",60000,80000,0.971014,0.60535
"Ld23_5","Ld23",80000,100000,768,0.6188
"Ld23_6","Ld23",100000,120000,0.79845,0.6154
"Ld23_7","Ld23",120000,140000,0.986395,0.59705
"Ld23_8","Ld23",140000,160000,1,0.61105
"Ld23_9","Ld23",160000,180000,1,0.59545
"Ld23_10","Ld23",180000,200000,1,0.6077
"Ld23_11","Ld23",200000,220000,0.834862,0.61045
"Ld23_12","Ld23",220000,240000,1,0.59835
"Ld23_13","Ld23",240000,260000,0.972414,0.58485
"Ld23_14","Ld23",260000,280000,1,0.59675
"Ld23_15","Ld23",280000,300000,0.969466,0.5761
"Ld23_16","Ld23",300000,320000,0.985294,0.5836
"Ld23_17","Ld23",320000,340000,0.893333,0.5826
"Ld23_18","Ld23",340000,360000,0.962617,0.5196
"Ld23_19","Ld23",360000,380000,0.984733,0.57365
"Ld23_20","Ld23",380000,400000,1,0.60175
"Ld23_21","Ld23",400000,420000,1,0.5897
"Ld23_22","Ld23",420000,440000,0.956204,0.60105
"Ld23_23","Ld23",440000,460000,0.97561,0.6278
"Ld23_24","Ld23",460000,480000,1,0.58465
"Ld23_25","Ld23",480000,500000,0.961538,0.57735
"Ld23_26","Ld23",500000,520000,1,0.5946
"Ld23_27","Ld23",520000,540000,0.75,0.5895
"Ld23_28","Ld23",540000,560000,0.962025,0.5434
"Ld23_29","Ld23",560000,580000,1,0.587
"Ld23_30","Ld23",580000,600000,1,0.61385
"Ld23_31","Ld23",600000,620000,1,0.60015
"Ld23_32","Ld23",620000,640000,1,0.6151
"Ld23_33","Ld23",640000,660000,0.958621,0.64025
"Ld23_34","Ld23",660000,680000,0.985185,0.62285
"Ld23_35","Ld23",680000,700000,1,0.62225
"Ld23_36","Ld23",700000,720000,1,0.61315
"Ld23_37","Ld23",720000,740000,0.974359,0.6041
"Ld23_38","Ld23",740000,760000,0.928571,0.61065
"Ld23_39","Ld23",760000,772840,975,0.577103
"Ld24_1","Ld24",0,20000,0.984615,0.5404
"Ld24_2","Ld24",20000,40000,1,0.5667
"Ld24_3","Ld24",40000,60000,0.981818,0.5959
"Ld24_4","Ld24",60000,80000,1,0.62695
"Ld24_5","Ld24",80000,100000,1,0.60545
"Ld24_6","Ld24",100000,120000,0.987879,0.6072
"Ld24_7","Ld24",120000,140000,0.983471,0.6019
"Ld24_8","Ld24",140000,160000,0.823171,0.62925
"Ld24_9","Ld24",160000,180000,0.789474,0.6119
"Ld24_10","Ld24",180000,200000,1,0.62455
"Ld24_11","Ld24",200000,220000,1,0.61095
"Ld24_12","Ld24",220000,240000,1,0.60815
"Ld24_13","Ld24",240000,260000,1,0.57695
"Ld24_14","Ld24",260000,280000,1,0.6032
"Ld24_15","Ld24",280000,300000,1,0.6053
"Ld24_16","Ld24",300000,320000,1,0.62625
"Ld24_17","Ld24",320000,340000,1,0.62875
"Ld24_18","Ld24",340000,360000,1,0.6379
"Ld24_19","Ld24",360000,380000,1,0.62655
"Ld24_20","Ld24",380000,400000,1,0.6318
"Ld24_21","Ld24",400000,420000,1,0.6351
"Ld24_22","Ld24",420000,440000,1,0.62315
"Ld24_23","Ld24",440000,460000,0.97546,0.59775
"Ld24_24","Ld24",460000,480000,0.986577,0.59095
"Ld24_25","Ld24",480000,500000,1,0.56035
"Ld24_26","Ld24",500000,520000,0.980198,0.5942
"Ld24_27","Ld24",520000,540000,1,0.63805
"Ld24_28","Ld24",540000,560000,0.967742,0.63515
"Ld24_29","Ld24",560000,580000,1,0.6301
"Ld24_30","Ld24",580000,600000,0.96129,0.62525
"Ld24_31","Ld24",600000,620000,0.970149,0.55035
"Ld24_32","Ld24",620000,640000,1,0.58775
"Ld24_33","Ld24",640000,660000,0.89313,0.6004
"Ld24_34","Ld24",660000,680000,1,0.61295
"Ld24_35","Ld24",680000,700000,1,0.5958
"Ld24_36","Ld24",700000,720000,1,0.6014
"Ld24_37","Ld24",720000,740000,0.984848,0.5779
"Ld24_38","Ld24",740000,760000,1,0.62065
"Ld24_39","Ld24",760000,780000,1,0.62925
"Ld24_40","Ld24",780000,800000,0.945205,0.6014
"Ld24_41","Ld24",800000,820000,1,0.59665
"Ld24_42","Ld24",820000,840000,1,0.58655
"Ld24_43","Ld24",840000,860000,1,0.53355
"Ld24_44","Ld24",860000,864886,0.916667,0.536635
"Ld25_1","Ld25",0,20000,0.979798,0.5812
"Ld25_2","Ld25",20000,40000,0.986842,0.5838
"Ld25_3","Ld25",40000,60000,1,0.60255
"Ld25_4","Ld25",60000,80000,1,0.60625
"Ld25_5","Ld25",80000,100000,0.985915,0.61295
"Ld25_6","Ld25",100000,120000,1,0.609
"Ld25_7","Ld25",120000,140000,1,0.61115
"Ld25_8","Ld25",140000,160000,1,0.5933
"Ld25_9","Ld25",160000,180000,1,0.54065
"Ld25_10","Ld25",180000,200000,1,0.5771
"Ld25_11","Ld25",200000,220000,1,0.615
"Ld25_12","Ld25",220000,240000,0.986667,0.5821
"Ld25_13","Ld25",240000,260000,0.965278,0.55085
"Ld25_14","Ld25",260000,280000,0.992424,0.56405
"Ld25_15","Ld25",280000,300000,1,0.5957
"Ld25_16","Ld25",300000,320000,1,0.59495
"Ld25_17","Ld25",320000,340000,1,0.61335
"Ld25_18","Ld25",340000,360000,1,0.62405
"Ld25_19","Ld25",360000,380000,0.867769,0.60715
"Ld25_20","Ld25",380000,400000,1,0.6014
"Ld25_21","Ld25",400000,420000,0.979167,0.60795
"Ld25_22","Ld25",420000,440000,1,0.6573
"Ld25_23","Ld25",440000,460000,1,0.5945
"Ld25_24","Ld25",460000,480000,0.819444,0.63385
"Ld25_25","Ld25",480000,500000,1,0.64625
"Ld25_26","Ld25",500000,520000,0.987421,0.61995
"Ld25_27","Ld25",520000,540000,1,0.6272
"Ld25_28","Ld25",540000,560000,0.983193,0.5841
"Ld25_29","Ld25",560000,580000,1,0.52985
"Ld25_30","Ld25",580000,600000,1,0.6175
"Ld25_31","Ld25",600000,620000,0.97351,0.61485
"Ld25_32","Ld25",620000,640000,1,0.62205
"Ld25_33","Ld25",640000,660000,1,0.6022
"Ld25_34","Ld25",660000,680000,1,0.6222
"Ld25_35","Ld25",680000,700000,1,0.605
"Ld25_36","Ld25",700000,720000,1,0.6144
"Ld25_37","Ld25",720000,740000,1,0.61845
"Ld25_38","Ld25",740000,760000,1,0.62845
"Ld25_39","Ld25",760000,780000,1,0.6159
"Ld25_40","Ld25",780000,800000,0.984615,0.6047
"Ld25_41","Ld25",800000,820000,928,0.5522
"Ld25_42","Ld25",820000,840000,0.965517,0.5963
"Ld25_43","Ld25",840000,860000,0.984962,0.60065
"Ld25_44","Ld25",860000,880000,0.985507,0.5763
"Ld25_45","Ld25",880000,895279,0.69697,0.583088
"Ld26_1","Ld26",0,20000,0.890625,0.55085
"Ld26_2","Ld26",20000,40000,0.6,0.60385
"Ld26_3","Ld26",40000,60000,0.961783,0.57605
"Ld26_4","Ld26",60000,80000,1,0.6086
"Ld26_5","Ld26",80000,100000,1,0.6131
"Ld26_6","Ld26",100000,120000,1,0.62655
"Ld26_7","Ld26",120000,140000,0.985401,0.6156
"Ld26_8","Ld26",140000,160000,1,0.61425
"Ld26_9","Ld26",160000,180000,1,0.60375
"Ld26_10","Ld26",180000,200000,1,0.60115
"Ld26_11","Ld26",200000,220000,0.987261,0.6185
"Ld26_12","Ld26",220000,240000,0.982906,0.57715
"Ld26_13","Ld26",240000,260000,0.967213,0.61885
"Ld26_14","Ld26",260000,280000,1,0.6175
"Ld26_15","Ld26",280000,300000,1,0.5944
"Ld26_16","Ld26",300000,320000,1,0.5605
"Ld26_17","Ld26",320000,340000,1,0.6111
"Ld26_18","Ld26",340000,360000,1,0.6329
"Ld26_19","Ld26",360000,380000,1,0.62215
"Ld26_20","Ld26",380000,400000,1,0.641
"Ld26_21","Ld26",400000,420000,1,0.6282
"Ld26_22","Ld26",420000,440000,1,0.60575
"Ld26_23","Ld26",440000,460000,1,0.6092
"Ld26_24","Ld26",460000,480000,1,0.6088
"Ld26_25","Ld26",480000,500000,1,0.60545
"Ld26_26","Ld26",500000,520000,0.985915,0.57265
"Ld26_27","Ld26",520000,540000,1,0.58745
"Ld26_28","Ld26",540000,560000,1,0.583
"Ld26_29","Ld26",560000,580000,1,0.5787
"Ld26_30","Ld26",580000,600000,1,0.54395
"Ld26_31","Ld26",600000,620000,0.918699,0.55345
"Ld26_32","Ld26",620000,640000,0.89313,0.58235
"Ld26_33","Ld26",640000,660000,0.205607,0.6381
"Ld26_34","Ld26",660000,680000,1,0.62085
"Ld26_35","Ld26",680000,700000,1,0.6186
"Ld26_36","Ld26",700000,720000,0.931034,0.6271
"Ld26_37","Ld26",720000,740000,1,0.5998
"Ld26_38","Ld26",740000,760000,1,0.5928
"Ld26_39","Ld26",760000,780000,1,0.58005
"Ld26_40","Ld26",780000,800000,1,0.604
"Ld26_41","Ld26",800000,820000,1,0.59285
"Ld26_42","Ld26",820000,840000,1,0.62785
"Ld26_43","Ld26",840000,860000,0.848837,0.62815
"Ld26_44","Ld26",860000,880000,1,0.6121
"Ld26_45","Ld26",880000,900000,1,0.58685
"Ld26_46","Ld26",900000,920000,1,0.6065
"Ld26_47","Ld26",920000,940000,1,0.64055
"Ld26_48","Ld26",940000,960000,1,0.6333
"Ld26_49","Ld26",960000,980000,1,0.619
"Ld26_50","Ld26",980000,1000000,1,0.61415
"Ld26_51","Ld26",1000000,1020000,0.963855,0.6002
"Ld26_52","Ld26",1020000,1040000,0.972414,0.6064
"Ld26_53","Ld26",1040000,1060000,1,0.5738
"Ld26_54","Ld26",1060000,1067436,1,0.55702
"Ld27_1","Ld27",0,20000,0.957447,0.57935
"Ld27_2","Ld27",20000,40000,0.985507,0.559
"Ld27_3","Ld27",40000,60000,0.984252,0.60955
"Ld27_4","Ld27",60000,80000,0.992248,0.54245
"Ld27_5","Ld27",80000,100000,1,0.58815
"Ld27_6","Ld27",100000,120000,1,0.61505
"Ld27_7","Ld27",120000,140000,1,0.6037
"Ld27_8","Ld27",140000,160000,0.642276,0.6363
"Ld27_9","Ld27",160000,180000,0.77686,0.62505
"Ld27_10","Ld27",180000,200000,1,0.6106
"Ld27_11","Ld27",200000,220000,0.558333,0.595
"Ld27_12","Ld27",220000,240000,0.756757,0.6149
"Ld27_13","Ld27",240000,260000,1,0.59905
"Ld27_14","Ld27",260000,280000,1,0.5772
"Ld27_15","Ld27",280000,300000,0.966942,0.581
"Ld27_16","Ld27",300000,320000,0.986667,0.57075
"Ld27_17","Ld27",320000,340000,1,0.5729
"Ld27_18","Ld27",340000,360000,1,0.6012
"Ld27_19","Ld27",360000,380000,1,0.61195
"Ld27_20","Ld27",380000,400000,0.714286,0.6109
"Ld27_21","Ld27",400000,420000,0.761006,0.60355
"Ld27_22","Ld27",420000,440000,0.75,0.5963
"Ld27_23","Ld27",440000,460000,0.855263,0.5894
"Ld27_24","Ld27",460000,480000,1,0.6026
"Ld27_25","Ld27",480000,500000,1,0.5905
"Ld27_26","Ld27",500000,520000,1,0.59295
"Ld27_27","Ld27",520000,540000,0.910448,0.57045
"Ld27_28","Ld27",540000,560000,0.973333,0.5337
"Ld27_29","Ld27",560000,580000,1,0.5696
"Ld27_30","Ld27",580000,600000,1,0.58615
"Ld27_31","Ld27",600000,620000,0.966102,0.6065
"Ld27_32","Ld27",620000,640000,1,0.603
"Ld27_33","Ld27",640000,660000,1,0.6017
"Ld27_34","Ld27",660000,680000,0.414286,0.6106
"Ld27_35","Ld27",680000,700000,0.984848,0.5726
"Ld27_36","Ld27",700000,720000,1,0.60425
"Ld27_37","Ld27",720000,740000,1,0.58395
"Ld27_38","Ld27",740000,760000,1,0.6076
"Ld27_39","Ld27",760000,780000,1,0.57895
"Ld27_40","Ld27",780000,800000,0.958621,0.5924
"Ld27_41","Ld27",800000,820000,0.770492,0.62195
"Ld27_42","Ld27",820000,840000,1,0.61145
"Ld27_43","Ld27",840000,860000,1,0.60885
"Ld27_44","Ld27",860000,880000,1,0.6078
"Ld27_45","Ld27",880000,900000,0.983193,0.6028
"Ld27_46","Ld27",900000,920000,0.876623,0.6007
"Ld27_47","Ld27",920000,940000,0.982456,0.60305
"Ld27_48","Ld27",940000,960000,1,0.6116
"Ld27_49","Ld27",960000,980000,1,0.6038
"Ld27_50","Ld27",980000,1000000,1,0.60785
"Ld27_51","Ld27",1000000,1020000,1,0.55575
"Ld27_52","Ld27",1020000,1040000,0.483871,0.59305
"Ld27_53","Ld27",1040000,1060000,0.213675,0.5594
"Ld27_54","Ld27",1060000,1080000,0.576642,0.54405
"Ld27_55","Ld27",1080000,1100000,0.97973,0.6281
"Ld27_56","Ld27",1100000,1120000,1,0.62685
"Ld27_57","Ld27",1120000,1129938,0.272727,0.642987
"Ld28_1","Ld28",0,20000,1,0.5452
"Ld28_2","Ld28",20000,40000,1,0.5605
"Ld28_3","Ld28",40000,60000,1,0.56345
"Ld28_4","Ld28",60000,80000,1,0.5854
"Ld28_5","Ld28",80000,100000,1,0.6067
"Ld28_6","Ld28",100000,120000,0.986111,0.6205
"Ld28_7","Ld28",120000,140000,1,0.5644
"Ld28_8","Ld28",140000,160000,1,0.6023
"Ld28_9","Ld28",160000,180000,0.985612,0.5516
"Ld28_10","Ld28",180000,200000,1,0.57525
"Ld28_11","Ld28",200000,220000,1,0.588
"Ld28_12","Ld28",220000,240000,1,0.60115
"Ld28_13","Ld28",240000,260000,1,0.56535
"Ld28_14","Ld28",260000,280000,1,0.5745
"Ld28_15","Ld28",280000,300000,1,0.54755
"Ld28_16","Ld28",300000,320000,0.988235,0.5889
"Ld28_17","Ld28",320000,340000,1,0.58325
"Ld28_18","Ld28",340000,360000,1,0.5877
"Ld28_19","Ld28",360000,380000,0.893491,0.6033
"Ld28_20","Ld28",380000,400000,1,0.6026
"Ld28_21","Ld28",400000,420000,1,0.58955
"Ld28_22","Ld28",420000,440000,1,0.57555
"Ld28_23","Ld28",440000,460000,1,0.5739
"Ld28_24","Ld28",460000,480000,1,0.60045
"Ld28_25","Ld28",480000,500000,1,0.59085
"Ld28_26","Ld28",500000,520000,984,0.5892
"Ld28_27","Ld28",520000,540000,1,0.57745
"Ld28_28","Ld28",540000,560000,0.815476,0.6014
"Ld28_29","Ld28",560000,580000,0.739837,0.5779
"Ld28_30","Ld28",580000,600000,1,0.59105
"Ld28_31","Ld28",600000,620000,1,0.61665
"Ld28_32","Ld28",620000,640000,1,0.6053
"Ld28_33","Ld28",640000,660000,1,0.6092
"Ld28_34","Ld28",660000,680000,1,0.6287
"Ld28_35","Ld28",680000,700000,1,0.61615
"Ld28_36","Ld28",700000,720000,1,0.6208
"Ld28_37","Ld28",720000,740000,1,0.59845
"Ld28_38","Ld28",740000,760000,1,0.60235
"Ld28_39","Ld28",760000,780000,1,0.59675
"Ld28_40","Ld28",780000,800000,1,0.56215
"Ld28_41","Ld28",800000,820000,1,0.57185
"Ld28_42","Ld28",820000,840000,1,0.52485
"Ld28_43","Ld28",840000,860000,1,0.58825
"Ld28_44","Ld28",860000,880000,1,0.58375
"Ld28_45","Ld28",880000,900000,0.972973,0.59425
"Ld28_46","Ld28",900000,920000,0.986301,0.611
"Ld28_47","Ld28",920000,940000,0.975758,0.6129
"Ld28_48","Ld28",940000,960000,1,0.60615
"Ld28_49","Ld28",960000,980000,1,0.59385
"Ld28_50","Ld28",980000,1000000,1,0.6294
"Ld28_51","Ld28",1000000,1020000,1,0.62365
"Ld28_52","Ld28",1020000,1040000,1,0.61755
"Ld28_53","Ld28",1040000,1060000,0.886792,0.6216
"Ld28_54","Ld28",1060000,1080000,0.390244,0.63225
"Ld28_55","Ld28",1080000,1100000,0.464912,0.6246
"Ld28_56","Ld28",1100000,1120000,0.974522,0.6204
"Ld28_57","Ld28",1120000,1140000,1,0.59435
"Ld28_58","Ld28",1140000,1160000,0.984252,0.56625
"Ld28_59","Ld28",1160000,1179298,0.709402,0.575189
"Ld29_1","Ld29",0,20000,0.959184,0.56445
"Ld29_2","Ld29",20000,40000,0.986667,0.5965
"Ld29_3","Ld29",40000,60000,0.97561,0.60675
"Ld29_4","Ld29",60000,80000,1,0.62105
"Ld29_5","Ld29",80000,100000,1,0.6051
"Ld29_6","Ld29",100000,120000,1,0.59395
"Ld29_7","Ld29",120000,140000,1,0.6275
"Ld29_8","Ld29",140000,160000,0.986667,0.6071
"Ld29_9","Ld29",160000,180000,1,0.58655
"Ld29_10","Ld29",180000,200000,1,0.62255
"Ld29_11","Ld29",200000,220000,1,0.62345
"Ld29_12","Ld29",220000,240000,1,0.58195
"Ld29_13","Ld29",240000,260000,1,0.6197
"Ld29_14","Ld29",260000,280000,1,0.59625
"Ld29_15","Ld29",280000,300000,1,0.60955
"Ld29_16","Ld29",300000,320000,0.958904,0.5849
"Ld29_17","Ld29",320000,340000,1,0.5774
"Ld29_18","Ld29",340000,360000,1,0.5373
"Ld29_19","Ld29",360000,380000,0.884393,0.5496
"Ld29_20","Ld29",380000,400000,0.982456,0.5922
"Ld29_21","Ld29",400000,420000,0.845528,0.6217
"Ld29_22","Ld29",420000,440000,0.703125,0.5951
"Ld29_23","Ld29",440000,460000,1,0.57
"Ld29_24","Ld29",460000,480000,1,0.6148
"Ld29_25","Ld29",480000,500000,1,0.63015
"Ld29_26","Ld29",500000,520000,1,0.60265
"Ld29_27","Ld29",520000,540000,1,0.56925
"Ld29_28","Ld29",540000,560000,0.904459,0.5477
"Ld29_29","Ld29",560000,580000,0.167939,0.6278
"Ld29_30","Ld29",580000,600000,0.922481,0.5408
"Ld29_31","Ld29",600000,620000,0.986577,0.5148
"Ld29_32","Ld29",620000,640000,1,0.56545
"Ld29_33","Ld29",640000,660000,1,0.54665
"Ld29_34","Ld29",660000,680000,0.971831,0.6136
"Ld29_35","Ld29",680000,700000,1,0.59255
"Ld29_36","Ld29",700000,720000,0.902098,0.55315
"Ld29_37","Ld29",720000,740000,1,0.6033
"Ld29_38","Ld29",740000,760000,1,0.59115
"Ld29_39","Ld29",760000,780000,0.902778,0.6008
"Ld29_40","Ld29",780000,800000,0.949153,0.5906
"Ld29_41","Ld29",800000,820000,0.4,0.59055
"Ld29_42","Ld29",820000,840000,0.672414,0.5894
"Ld29_43","Ld29",840000,860000,0.965812,0.5739
"Ld29_44","Ld29",860000,880000,1,0.59385
"Ld29_45","Ld29",880000,900000,1,0.60985
"Ld29_46","Ld29",900000,920000,1,0.6011
"Ld29_47","Ld29",920000,940000,1,0.5797
"Ld29_48","Ld29",940000,960000,1,0.5962
"Ld29_49","Ld29",960000,980000,1,0.56265
"Ld29_50","Ld29",980000,1000000,1,0.58055
"Ld29_51","Ld29",1000000,1020000,1,0.59355
"Ld29_52","Ld29",1020000,1040000,1,0.55305
"Ld29_53","Ld29",1040000,1060000,0.918699,0.53685
"Ld29_54","Ld29",1060000,1080000,0.984496,0.56025
"Ld29_55","Ld29",1080000,1100000,0.907801,0.58215
"Ld29_56","Ld29",1100000,1120000,0.930769,0.58105
"Ld29_57","Ld29",1120000,1140000,1,0.5894
"Ld29_58","Ld29",1140000,1160000,0.984733,0.60045
"Ld29_59","Ld29",1160000,1180000,1,0.60715
"Ld29_60","Ld29",1180000,1200000,0.905405,0.59825
"Ld29_61","Ld29",1200000,1220000,0.842105,0.58725
"Ld29_62","Ld29",1220000,1240000,1,0.5424
"Ld29_63","Ld29",1240000,1241146,1,0.526178
"Ld30_1","Ld30",0,20000,0.985185,0.5729
"Ld30_2","Ld30",20000,40000,1,0.60495
"Ld30_3","Ld30",40000,60000,1,0.61815
"Ld30_4","Ld30",60000,80000,1,0.6121
"Ld30_5","Ld30",80000,100000,1,0.62375
"Ld30_6","Ld30",100000,120000,0.564516,0.61795
"Ld30_7","Ld30",120000,140000,1,0.59515
"Ld30_8","Ld30",140000,160000,1,0.60355
"Ld30_9","Ld30",160000,180000,1,0.6189
"Ld30_10","Ld30",180000,200000,1,0.59645
"Ld30_11","Ld30",200000,220000,0.973856,0.561
"Ld30_12","Ld30",220000,240000,1,0.5134
"Ld30_13","Ld30",240000,260000,1,0.5348
"Ld30_14","Ld30",260000,280000,0.966387,0.5768
"Ld30_15","Ld30",280000,300000,0.968504,0.5728
"Ld30_16","Ld30",300000,320000,1,0.609
"Ld30_17","Ld30",320000,340000,0.981982,0.60835
"Ld30_18","Ld30",340000,360000,1,0.59285
"Ld30_19","Ld30",360000,380000,1,0.617
"Ld30_20","Ld30",380000,400000,1,0.597
"Ld30_21","Ld30",400000,420000,1,0.6018
"Ld30_22","Ld30",420000,440000,1,0.6105
"Ld30_23","Ld30",440000,460000,1,0.62605
"Ld30_24","Ld30",460000,480000,1,0.621
"Ld30_25","Ld30",480000,500000,0.656489,0.5922
"Ld30_26","Ld30",500000,520000,0.61194,0.61005
"Ld30_27","Ld30",520000,540000,0.433566,0.61185
"Ld30_28","Ld30",540000,560000,0.857143,0.59485
"Ld30_29","Ld30",560000,580000,0.917241,0.6012
"Ld30_30","Ld30",580000,600000,0.16129,0.5852
"Ld30_31","Ld30",600000,620000,0.119205,0.59565
"Ld30_32","Ld30",620000,640000,0.929487,0.5898
"Ld30_33","Ld30",640000,660000,0.962963,0.565
"Ld30_34","Ld30",660000,680000,0.961165,0.596
"Ld30_35","Ld30",680000,700000,1,0.59875
"Ld30_36","Ld30",700000,720000,1,0.608
"Ld30_37","Ld30",720000,740000,0.939394,0.5854
"Ld30_38","Ld30",740000,760000,1,0.5956
"Ld30_39","Ld30",760000,780000,1,0.59585
"Ld30_40","Ld30",780000,800000,1,0.60325
"Ld30_41","Ld30",800000,820000,1,0.59105
"Ld30_42","Ld30",820000,840000,1,0.5619
"Ld30_43","Ld30",840000,860000,1,0.5363
"Ld30_44","Ld30",860000,880000,1,0.5862
"Ld30_45","Ld30",880000,900000,1,0.60695
"Ld30_46","Ld30",900000,920000,1,0.5844
"Ld30_47","Ld30",920000,940000,1,0.60005
"Ld30_48","Ld30",940000,960000,1,0.58015
"Ld30_49","Ld30",960000,980000,0.703226,0.5923
"Ld30_50","Ld30",980000,1000000,0.94702,0.58095
"Ld30_51","Ld30",1000000,1020000,1,0.5788
"Ld30_52","Ld30",1020000,1040000,1,0.59065
"Ld30_53","Ld30",1040000,1060000,1,0.58375
"Ld30_54","Ld30",1060000,1080000,1,0.57855
"Ld30_55","Ld30",1080000,1100000,0.981651,0.57955
"Ld30_56","Ld30",1100000,1120000,1,0.58065
"Ld30_57","Ld30",1120000,1140000,0.91453,0.5779
"Ld30_58","Ld30",1140000,1160000,1,0.58405
"Ld30_59","Ld30",1160000,1180000,0.987342,0.57895
"Ld30_60","Ld30",1180000,1200000,0.972414,0.54885
"Ld30_61","Ld30",1200000,1220000,1,0.5751
"Ld30_62","Ld30",1220000,1240000,1,0.53485
"Ld30_63","Ld30",1240000,1260000,0.992593,0.58535
"Ld30_64","Ld30",1260000,1280000,0.955556,0.55345
"Ld30_65","Ld30",1280000,1300000,1,0.57915
"Ld30_66","Ld30",1300000,1320000,1,0.5767
"Ld30_67","Ld30",1320000,1340000,0.291971,0.60215
"Ld30_68","Ld30",1340000,1360000,0.779412,0.57785
"Ld30_69","Ld30",1360000,1380000,1,0.56045
"Ld30_70","Ld30",1380000,1400000,1,0.5798
"Ld30_71","Ld30",1400000,1405839,1,0.563624
"Ld31_1","Ld31",0,20000,0.888112,0.58035
"Ld31_2","Ld31",20000,40000,1,0.6044
"Ld31_3","Ld31",40000,60000,1,0.61185
"Ld31_4","Ld31",60000,80000,1,0.6111
"Ld31_5","Ld31",80000,100000,0.887324,0.59495
"Ld31_6","Ld31",100000,120000,0.950311,0.59155
"Ld31_7","Ld31",120000,140000,1,0.6066
"Ld31_8","Ld31",140000,160000,0.5,0.6309
"Ld31_9","Ld31",160000,180000,0.212121,0.6601
"Ld31_10","Ld31",180000,200000,0.865079,0.61935
"Ld31_11","Ld31",200000,220000,1,0.58565
"Ld31_12","Ld31",220000,240000,0.888889,0.57005
"Ld31_13","Ld31",240000,260000,1,0.60615
"Ld31_14","Ld31",260000,280000,1,0.60875
"Ld31_15","Ld31",280000,300000,1,0.57535
"Ld31_16","Ld31",300000,320000,0.897436,0.57975
"Ld31_17","Ld31",320000,340000,0.916667,0.57715
"Ld31_18","Ld31",340000,360000,0.748092,0.585
"Ld31_19","Ld31",360000,380000,0.712329,0.5787
"Ld31_20","Ld31",380000,400000,0.0151515,0.6321
"Ld31_21","Ld31",400000,420000,0.0298507,0.6416
"Ld31_22","Ld31",420000,440000,1,0.59405
"Ld31_23","Ld31",440000,460000,1,0.5601
"Ld31_24","Ld31",460000,480000,0.966667,0.58065
"Ld31_25","Ld31",480000,500000,0.985401,0.58425
"Ld31_26","Ld31",500000,520000,0.985294,0.58595
"Ld31_27","Ld31",520000,540000,1,0.6102
"Ld31_28","Ld31",540000,560000,1,0.5902
"Ld31_29","Ld31",560000,580000,0.938931,0.607
"Ld31_30","Ld31",580000,600000,0.952756,0.60235
"Ld31_31","Ld31",600000,620000,1,0.5792
"Ld31_32","Ld31",620000,640000,1,0.52585
"Ld31_33","Ld31",640000,660000,1,0.5648
"Ld31_34","Ld31",660000,680000,1,0.6091
"Ld31_35","Ld31",680000,700000,968,0.5808
"Ld31_36","Ld31",700000,720000,0.734177,0.62905
"Ld31_37","Ld31",720000,740000,0.53125,0.63285
"Ld31_38","Ld31",740000,760000,0.934959,0.5677
"Ld31_39","Ld31",760000,780000,1,0.60095
"Ld31_40","Ld31",780000,800000,0.986207,0.5809
"Ld31_41","Ld31",800000,820000,0.986486,0.56755
"Ld31_42","Ld31",820000,840000,0.98374,0.54665
"Ld31_43","Ld31",840000,860000,0.833333,0.56535
"Ld31_44","Ld31",860000,880000,1,0.5912
"Ld31_45","Ld31",880000,900000,1,0.57065
"Ld31_46","Ld31",900000,920000,0.741259,0.5842
"Ld31_47","Ld31",920000,940000,0.447761,0.6125
"Ld31_48","Ld31",940000,960000,0.434783,0.61065
"Ld31_49","Ld31",960000,980000,0.985714,0.5878
"Ld31_50","Ld31",980000,1000000,0.929577,0.5755
"Ld31_51","Ld31",1000000,1020000,0.597222,0.6213
"Ld31_52","Ld31",1020000,1040000,0.96748,0.59775
"Ld31_53","Ld31",1040000,1060000,1,0.5781
"Ld31_54","Ld31",1060000,1080000,0.856115,0.59595
"Ld31_55","Ld31",1080000,1100000,1,0.58705
"Ld31_56","Ld31",1100000,1120000,0.986928,0.5787
"Ld31_57","Ld31",1120000,1140000,0.965517,0.57955
"Ld31_58","Ld31",1140000,1160000,1,0.579
"Ld31_59","Ld31",1160000,1180000,0.981132,0.56515
"Ld31_60","Ld31",1180000,1200000,0.882353,0.60025
"Ld31_61","Ld31",1200000,1220000,0.957746,0.59075
"Ld31_62","Ld31",1220000,1240000,1,0.5897
"Ld31_63","Ld31",1240000,1260000,1,0.5926
"Ld31_64","Ld31",1260000,1280000,1,0.57395
"Ld31_65","Ld31",1280000,1300000,0.980952,0.5646
"Ld31_66","Ld31",1300000,1320000,0.949367,0.58295
"Ld31_67","Ld31",1320000,1340000,0.937008,0.60795
"Ld31_68","Ld31",1340000,1360000,1,0.5962
"Ld31_69","Ld31",1360000,1380000,1,0.58755
"Ld31_70","Ld31",1380000,1400000,1,0.5924
"Ld31_71","Ld31",1400000,1420000,1,0.60375
"Ld31_72","Ld31",1420000,1440000,1,0.5905
"Ld31_73","Ld31",1440000,1460000,1,0.6156
"Ld31_74","Ld31",1460000,1480000,1,0.59675
"Ld31_75","Ld31",1480000,1500000,1,0.6313
"Ld31_76","Ld31",1500000,1520000,0.904762,0.6102
"Ld31_77","Ld31",1520000,1540000,0.661017,0.57965
"Ld31_78","Ld31",1540000,1560000,1,0.5795
"Ld31_79","Ld31",1560000,1573717,0.710526,0.54786
"Ld32_1","Ld32",0,20000,1,0.551
"Ld32_2","Ld32",20000,40000,1,0.57205
"Ld32_3","Ld32",40000,60000,1,0.59405
"Ld32_4","Ld32",60000,80000,1,0.5986
"Ld32_5","Ld32",80000,100000,1,0.6157
"Ld32_6","Ld32",100000,120000,1,0.606
"Ld32_7","Ld32",120000,140000,1,0.612
"Ld32_8","Ld32",140000,160000,1,0.5449
"Ld32_9","Ld32",160000,180000,0.931034,0.57885
"Ld32_10","Ld32",180000,200000,0.973684,0.5388
"Ld32_11","Ld32",200000,220000,0.983193,0.59425
"Ld32_12","Ld32",220000,240000,1,0.57225
"Ld32_13","Ld32",240000,260000,0.945205,0.5807
"Ld32_14","Ld32",260000,280000,1,0.5988
"Ld32_15","Ld32",280000,300000,1,0.57075
"Ld32_16","Ld32",300000,320000,1,0.54685
"Ld32_17","Ld32",320000,340000,1,0.59685
"Ld32_18","Ld32",340000,360000,0.985185,0.58665
"Ld32_19","Ld32",360000,380000,984,0.5797
"Ld32_20","Ld32",380000,400000,0.965517,0.56725
"Ld32_21","Ld32",400000,420000,0.986928,0.58705
"Ld32_22","Ld32",420000,440000,1,0.5855
"Ld32_23","Ld32",440000,460000,0.982906,0.6058
"Ld32_24","Ld32",460000,480000,1,0.58995
"Ld32_25","Ld32",480000,500000,1,0.5802
"Ld32_26","Ld32",500000,520000,1,0.581
"Ld32_27","Ld32",520000,540000,1,0.58575
"Ld32_28","Ld32",540000,560000,1,0.59985
"Ld32_29","Ld32",560000,580000,1,0.59675
"Ld32_30","Ld32",580000,600000,1,0.583
"Ld32_31","Ld32",600000,620000,1,0.57835
"Ld32_32","Ld32",620000,640000,1,0.5786
"Ld32_33","Ld32",640000,660000,1,0.5848
"Ld32_34","Ld32",660000,680000,1,0.58115
"Ld32_35","Ld32",680000,700000,1,0.58665
"Ld32_36","Ld32",700000,720000,1,0.54485
"Ld32_37","Ld32",720000,740000,0.973154,0.5811
"Ld32_38","Ld32",740000,760000,0.987654,0.57845
"Ld32_39","Ld32",760000,780000,0.982906,0.5791
"Ld32_40","Ld32",780000,800000,1,0.57605
"Ld32_41","Ld32",800000,820000,0.837398,0.59685
"Ld32_42","Ld32",820000,840000,0.986111,0.5675
"Ld32_43","Ld32",840000,860000,1,0.59515
"Ld32_44","Ld32",860000,880000,0.894737,0.5889
"Ld32_45","Ld32",880000,900000,0.983871,0.59085
"Ld32_46","Ld32",900000,920000,1,0.59165
"Ld32_47","Ld32",920000,940000,1,0.6202
"Ld32_48","Ld32",940000,960000,1,0.62155
"Ld32_49","Ld32",960000,980000,1,0.61085
"Ld32_50","Ld32",980000,1000000,1,0.62045
"Ld32_51","Ld32",1000000,1020000,1,0.61555
"Ld32_52","Ld32",1020000,1040000,0.985714,0.5847
"Ld32_53","Ld32",1040000,1060000,1,0.59525
"Ld32_54","Ld32",1060000,1080000,1,0.61455
"Ld32_55","Ld32",1080000,1100000,1,0.6138
"Ld32_56","Ld32",1100000,1120000,1,0.6072
"Ld32_57","Ld32",1120000,1140000,1,0.56845
"Ld32_58","Ld32",1140000,1160000,1,0.55965
"Ld32_59","Ld32",1160000,1180000,1,0.5246
"Ld32_60","Ld32",1180000,1200000,1,0.56
"Ld32_61","Ld32",1200000,1220000,1,0.60095
"Ld32_62","Ld32",1220000,1240000,0.929825,0.6208
"Ld32_63","Ld32",1240000,1260000,0.947368,0.6025
"Ld32_64","Ld32",1260000,1280000,1,0.5561
"Ld32_65","Ld32",1280000,1300000,1,0.58225
"Ld32_66","Ld32",1300000,1320000,0.969466,0.5744
"Ld32_67","Ld32",1320000,1340000,1,0.59095
"Ld32_68","Ld32",1340000,1360000,1,0.6218
"Ld32_69","Ld32",1360000,1380000,1,0.6133
"Ld32_70","Ld32",1380000,1400000,1,0.62365
"Ld32_71","Ld32",1400000,1420000,1,0.61565
"Ld32_72","Ld32",1420000,1440000,0.80303,0.6013
"Ld32_73","Ld32",1440000,1460000,1,0.60845
"Ld32_74","Ld32",1460000,1480000,1,0.59635
"Ld32_75","Ld32",1480000,1500000,0.985507,0.59755
"Ld32_76","Ld32",1500000,1520000,1,0.59405
"Ld32_77","Ld32",1520000,1540000,1,0.57935
"Ld32_78","Ld32",1540000,1546024,1,0.526892
"Ld33_1","Ld33",0,20000,0.961538,0.5776
"Ld33_2","Ld33",20000,40000,0.934307,0.5851
"Ld33_3","Ld33",40000,60000,0.94964,0.58735
"Ld33_4","Ld33",60000,80000,0.970588,0.57935
"Ld33_5","Ld33",80000,100000,0.986301,0.572
"Ld33_6","Ld33",100000,120000,0.641892,0.57785
"Ld33_7","Ld33",120000,140000,0.255319,0.1311
"Ld33_8","Ld33",140000,160000,0.333333,0.04025
"Ld33_9","Ld33",160000,180000,0.24026,0.62045
"Ld33_10","Ld33",180000,200000,0.144578,0.624
"Ld33_11","Ld33",200000,220000,0.695652,0.08685
"Ld33_12","Ld33",220000,240000,0.544118,0.61105
"Ld33_13","Ld33",240000,260000,0.867647,0.61625
"Ld33_14","Ld33",260000,280000,1,0.61755
"Ld33_15","Ld33",280000,300000,0.982456,0.62325
"Ld33_16","Ld33",300000,320000,1,0.57225
"Ld33_17","Ld33",320000,340000,1,0.56935
"Ld33_18","Ld33",340000,360000,1,0.59245
"Ld33_19","Ld33",360000,380000,0.793103,0.60575
"Ld33_20","Ld33",380000,400000,0.825175,0.6167
"Ld33_21","Ld33",400000,420000,0.461538,0.6196
"Ld33_22","Ld33",420000,440000,1,0.59955
"Ld33_23","Ld33",440000,460000,1,0.6174
"Ld33_24","Ld33",460000,480000,1,0.58215
"Ld33_25","Ld33",480000,500000,1,0.5702
"Ld33_26","Ld33",500000,520000,1,0.5768
"Ld33_27","Ld33",520000,540000,1,0.58715
"Ld33_28","Ld33",540000,560000,1,0.562
"Ld33_29","Ld33",560000,580000,0.983051,0.6005
"Ld33_30","Ld33",580000,600000,1,0.6161
"Ld33_31","Ld33",600000,620000,1,0.5921
"Ld33_32","Ld33",620000,640000,0.949153,0.56455
"Ld33_33","Ld33",640000,660000,1,0.5691
"Ld33_34","Ld33",660000,680000,0.984615,0.5571
"Ld33_35","Ld33",680000,700000,0.818182,0.55595
"Ld33_36","Ld33",700000,720000,1,0.5038
"Ld33_37","Ld33",720000,740000,1,0.5602
"Ld33_38","Ld33",740000,760000,1,0.58655
"Ld33_39","Ld33",760000,780000,1,0.56715
"Ld33_40","Ld33",780000,800000,1,0.5526
"Ld33_41","Ld33",800000,820000,0.818182,0.57015
"Ld33_42","Ld33",820000,840000,1,0.57245
"Ld33_43","Ld33",840000,860000,0.979798,0.56455
"Ld33_44","Ld33",860000,880000,1,0.57485
"Ld33_45","Ld33",880000,900000,1,0.5933
"Ld33_46","Ld33",900000,920000,0.975758,0.58265
"Ld33_47","Ld33",920000,940000,0.889655,0.60475
"Ld33_48","Ld33",940000,960000,1,0.59945
"Ld33_49","Ld33",960000,980000,1,0.5763
"Ld33_50","Ld33",980000,1000000,0.985294,0.5955
"Ld33_51","Ld33",1000000,1020000,0.986842,0.59315
"Ld33_52","Ld33",1020000,1040000,0.98374,0.6099
"Ld33_53","Ld33",1040000,1060000,0.911111,0.6043
"Ld33_54","Ld33",1060000,1080000,1,0.60175
"Ld33_55","Ld33",1080000,1100000,0.878788,0.60355
"Ld33_56","Ld33",1100000,1120000,1,0.6039
"Ld33_57","Ld33",1120000,1140000,1,0.6004
"Ld33_58","Ld33",1140000,1160000,0.969466,0.60435
"Ld33_59","Ld33",1160000,1180000,1,0.59835
"Ld33_60","Ld33",1180000,1200000,1,0.61755
"Ld33_61","Ld33",1200000,1220000,1,0.61895
"Ld33_62","Ld33",1220000,1240000,1,0.57055
"Ld33_63","Ld33",1240000,1260000,1,0.5568
"Ld33_64","Ld33",1260000,1280000,1,0.60375
"Ld33_65","Ld33",1280000,1300000,0.96875,0.59875
"Ld33_66","Ld33",1300000,1320000,0.985075,0.5726
"Ld33_67","Ld33",1320000,1340000,0.0970149,0.59285
"Ld33_68","Ld33",1340000,1360000,0.148649,0.5944
"Ld33_69","Ld33",1360000,1380000,1,0.56375
"Ld33_70","Ld33",1380000,1400000,0.957447,0.59715
"Ld33_71","Ld33",1400000,1420000,1,0.55825
"Ld33_72","Ld33",1420000,1440000,1,0.56855
"Ld33_73","Ld33",1440000,1460000,1,0.576
"Ld33_74","Ld33",1460000,1480000,0.943662,0.5739
"Ld33_75","Ld33",1480000,1500000,0.970803,0.5734
"Ld33_76","Ld33",1500000,1520000,0.802817,0.6256
"Ld33_77","Ld33",1520000,1540000,0.0940171,0.72895
"Ld33_78","Ld33",1540000,1560000,0.842105,0.6272
"Ld33_79","Ld33",1560000,1580000,1,0.60445
"Ld33_80","Ld33",1580000,1600000,1,0.5861
"Ld33_81","Ld33",1600000,1611629,0.888889,0.581133
"Ld34_1","Ld34",0,20000,1,0.53325
"Ld34_2","Ld34",20000,40000,1,0.57165
"Ld34_3","Ld34",40000,60000,1,0.5856
"Ld34_4","Ld34",60000,80000,1,0.5884
"Ld34_5","Ld34",80000,100000,1,0.62015
"Ld34_6","Ld34",100000,120000,1,0.60965
"Ld34_7","Ld34",120000,140000,1,0.6256
"Ld34_8","Ld34",140000,160000,1,0.62575
"Ld34_9","Ld34",160000,180000,1,0.628
"Ld34_10","Ld34",180000,200000,0.981818,0.61605
"Ld34_11","Ld34",200000,220000,0.660606,0.62465
"Ld34_12","Ld34",220000,240000,0.985294,0.58045
"Ld34_13","Ld34",240000,260000,1,0.58985
"Ld34_14","Ld34",260000,280000,1,0.6009
"Ld34_15","Ld34",280000,300000,1,0.59505
"Ld34_16","Ld34",300000,320000,0.854839,0.5831
"Ld34_17","Ld34",320000,340000,0.702128,0.56995
"Ld34_18","Ld34",340000,360000,0.939394,0.55155
"Ld34_19","Ld34",360000,380000,824,0.5495
"Ld34_20","Ld34",380000,400000,0.969231,0.59225
"Ld34_21","Ld34",400000,420000,0.986207,0.59295
"Ld34_22","Ld34",420000,440000,0.414474,0.6367
"Ld34_23","Ld34",440000,460000,0.949367,0.52905
"Ld34_24","Ld34",460000,480000,1,0.5765
"Ld34_25","Ld34",480000,500000,1,0.5849
"Ld34_26","Ld34",500000,520000,0.941176,0.62
"Ld34_27","Ld34",520000,540000,1,0.6106
"Ld34_28","Ld34",540000,560000,0.971429,0.5927
"Ld34_29","Ld34",560000,580000,1,0.5762
"Ld34_30","Ld34",580000,600000,1,0.60075
"Ld34_31","Ld34",600000,620000,1,0.5968
"Ld34_32","Ld34",620000,640000,1,0.61415
"Ld34_33","Ld34",640000,660000,1,0.6046
"Ld34_34","Ld34",660000,680000,0.912281,0.5776
"Ld34_35","Ld34",680000,700000,1,0.5846
"Ld34_36","Ld34",700000,720000,0.985612,0.56515
"Ld34_37","Ld34",720000,740000,0.758621,0.63205
"Ld34_38","Ld34",740000,760000,0.580153,0.64675
"Ld34_39","Ld34",760000,780000,0.245614,0.63445
"Ld34_40","Ld34",780000,800000,0.8125,0.2973
"Ld34_41","Ld34",800000,820000,0,0
"Ld34_42","Ld34",820000,840000,0,0
"Ld34_43","Ld34",840000,860000,0.482759,0.49935
"Ld34_44","Ld34",860000,880000,1,0.56135
"Ld34_45","Ld34",880000,900000,1,0.5575
"Ld34_46","Ld34",900000,920000,0.963636,0.5892
"Ld34_47","Ld34",920000,940000,0.985185,0.5786
"Ld34_48","Ld34",940000,960000,0.986207,0.58375
"Ld34_49","Ld34",960000,980000,1,0.5893
"Ld34_50","Ld34",980000,1000000,1,0.60745
"Ld34_51","Ld34",1000000,1020000,1,0.5874
"Ld34_52","Ld34",1020000,1040000,1,0.56105
"Ld34_53","Ld34",1040000,1060000,0.947826,0.58885
"Ld34_54","Ld34",1060000,1080000,0.969231,0.595
"Ld34_55","Ld34",1080000,1100000,1,0.57785
"Ld34_56","Ld34",1100000,1120000,1,0.5531
"Ld34_57","Ld34",1120000,1140000,0.360248,0.6702
"Ld34_58","Ld34",1140000,1160000,1,0.50965
"Ld34_59","Ld34",1160000,1180000,0.798561,0.5765
"Ld34_60","Ld34",1180000,1200000,0.972028,0.5998
"Ld34_61","Ld34",1200000,1220000,0.986207,0.5982
"Ld34_62","Ld34",1220000,1240000,1,0.5378
"Ld34_63","Ld34",1240000,1260000,0.958621,0.57445
"Ld34_64","Ld34",1260000,1280000,0.5625,0.62555
"Ld34_65","Ld34",1280000,1300000,0.14876,0.65955
"Ld34_66","Ld34",1300000,1320000,0.802632,0.5875
"Ld34_67","Ld34",1320000,1340000,0.262411,0.58915
"Ld34_68","Ld34",1340000,1360000,0.983871,0.55815
"Ld34_69","Ld34",1360000,1380000,1,0.5743
"Ld34_70","Ld34",1380000,1400000,0.918919,0.57315
"Ld34_71","Ld34",1400000,1420000,0.916667,0.57535
"Ld34_72","Ld34",1420000,1440000,1,0.57655
"Ld34_73","Ld34",1440000,1460000,1,0.58945
"Ld34_74","Ld34",1460000,1480000,0.986207,0.5808
"Ld34_75","Ld34",1480000,1500000,0.980952,0.5819
"Ld34_76","Ld34",1500000,1520000,1,0.5413
"Ld34_77","Ld34",1520000,1540000,1,0.58955
"Ld34_78","Ld34",1540000,1560000,1,0.5743
"Ld34_79","Ld34",1560000,1580000,1,0.57745
"Ld34_80","Ld34",1580000,1600000,1,0.5652
"Ld34_81","Ld34",1600000,1620000,0.980198,0.5826
"Ld34_82","Ld34",1620000,1640000,1,0.59505
"Ld34_83","Ld34",1640000,1660000,1,0.6052
"Ld34_84","Ld34",1660000,1680000,1,0.5973
"Ld34_85","Ld34",1680000,1700000,1,0.58675
"Ld34_86","Ld34",1700000,1720000,1,0.5883
"Ld34_87","Ld34",1720000,1740000,1,0.60485
"Ld34_88","Ld34",1740000,1760000,1,0.5955
"Ld34_89","Ld34",1760000,1780000,1,0.6177
"Ld34_90","Ld34",1780000,1800000,1,0.6085
"Ld34_91","Ld34",1800000,1820000,1,0.59355
"Ld34_92","Ld34",1820000,1840000,0.956522,0.5899
"Ld34_93","Ld34",1840000,1860000,1,0.5741
"Ld34_94","Ld34",1860000,1870515,1,0.564812
"Ld35_1","Ld35",0,20000,0.478632,0.5624
"Ld35_2","Ld35",20000,40000,0.940171,0.5693
"Ld35_3","Ld35",40000,60000,1,0.52195
"Ld35_4","Ld35",60000,80000,0.985612,0.58175
"Ld35_5","Ld35",80000,100000,1,0.59165
"Ld35_6","Ld35",100000,120000,1,0.5899
"Ld35_7","Ld35",120000,140000,0.881356,0.5999
"Ld35_8","Ld35",140000,160000,1,0.59105
"Ld35_9","Ld35",160000,180000,0.922078,0.5853
"Ld35_10","Ld35",180000,200000,0.590909,0.60535
"Ld35_11","Ld35",200000,220000,0.833333,0.10885
"Ld35_12","Ld35",220000,240000,0,0
"Ld35_13","Ld35",240000,260000,0.827586,0.09855
"Ld35_14","Ld35",260000,280000,0.955224,0.5674
"Ld35_15","Ld35",280000,300000,1,0.6147
"Ld35_16","Ld35",300000,320000,1,0.6171
"Ld35_17","Ld35",320000,340000,1,0.6356
"Ld35_18","Ld35",340000,360000,1,0.60055
"Ld35_19","Ld35",360000,380000,1,0.59105
"Ld35_20","Ld35",380000,400000,1,0.59785
"Ld35_21","Ld35",400000,420000,1,0.5786
"Ld35_22","Ld35",420000,440000,1,0.5793
"Ld35_23","Ld35",440000,460000,1,0.58405
"Ld35_24","Ld35",460000,480000,0.98773,0.516
"Ld35_25","Ld35",480000,500000,1,0.5276
"Ld35_26","Ld35",500000,520000,1,0.6041
"Ld35_27","Ld35",520000,540000,0.931034,0.57965
"Ld35_28","Ld35",540000,560000,0.954887,0.58035
"Ld35_29","Ld35",560000,580000,1,0.5456
"Ld35_30","Ld35",580000,600000,1,0.5727
"Ld35_31","Ld35",600000,620000,0.962733,0.57515
"Ld35_32","Ld35",620000,640000,0.962963,0.5936
"Ld35_33","Ld35",640000,660000,0.984496,0.5694
"Ld35_34","Ld35",660000,680000,0.983871,0.5786
"Ld35_35","Ld35",680000,700000,1,0.5943
"Ld35_36","Ld35",700000,720000,0.986014,0.5858
"Ld35_37","Ld35",720000,740000,1,0.57995
"Ld35_38","Ld35",740000,760000,0.986928,0.5352
"Ld35_39","Ld35",760000,780000,0.98374,0.55045
"Ld35_40","Ld35",780000,800000,0.602941,0.60215
"Ld35_41","Ld35",800000,820000,1,0.60965
"Ld35_42","Ld35",820000,840000,1,0.6179
"Ld35_43","Ld35",840000,860000,1,0.58445
"Ld35_44","Ld35",860000,880000,0.992481,0.5739
"Ld35_45","Ld35",880000,900000,0.927273,0.5559
"Ld35_46","Ld35",900000,920000,0.983471,0.5507
"Ld35_47","Ld35",920000,940000,1,0.59585
"Ld35_48","Ld35",940000,960000,1,0.60415
"Ld35_49","Ld35",960000,980000,0.983607,0.56665
"Ld35_50","Ld35",980000,1000000,0.985714,0.5905
"Ld35_51","Ld35",1000000,1020000,1,0.5848
"Ld35_52","Ld35",1020000,1040000,1,0.5216
"Ld35_53","Ld35",1040000,1060000,1,0.601
"Ld35_54","Ld35",1060000,1080000,1,0.5809
"Ld35_55","Ld35",1080000,1100000,1,0.6088
"Ld35_56","Ld35",1100000,1120000,1,0.5769
"Ld35_57","Ld35",1120000,1140000,1,0.56355
"Ld35_58","Ld35",1140000,1160000,0.984962,0.57755
"Ld35_59","Ld35",1160000,1180000,1,0.5677
"Ld35_60","Ld35",1180000,1200000,1,0.5804
"Ld35_61","Ld35",1200000,1220000,0.970803,0.58865
"Ld35_62","Ld35",1220000,1240000,1,0.58345
"Ld35_63","Ld35",1240000,1260000,0.962617,0.57875
"Ld35_64","Ld35",1260000,1280000,1,0.57225
"Ld35_65","Ld35",1280000,1300000,1,0.5766
"Ld35_66","Ld35",1300000,1320000,1,0.58035
"Ld35_67","Ld35",1320000,1340000,1,0.56215
"Ld35_68","Ld35",1340000,1360000,0.981132,0.57835
"Ld35_69","Ld35",1360000,1380000,0.953488,0.5522
"Ld35_70","Ld35",1380000,1400000,1,0.59965
"Ld35_71","Ld35",1400000,1420000,1,0.56845
"Ld35_72","Ld35",1420000,1440000,0.865546,0.60085
"Ld35_73","Ld35",1440000,1460000,1,0.55705
"Ld35_74","Ld35",1460000,1480000,0.941176,0.5957
"Ld35_75","Ld35",1480000,1500000,0.984962,0.5907
"Ld35_76","Ld35",1500000,1520000,0.960317,0.56685
"Ld35_77","Ld35",1520000,1540000,1,0.5777
"Ld35_78","Ld35",1540000,1560000,1,0.5283
"Ld35_79","Ld35",1560000,1580000,0.986667,0.56975
"Ld35_80","Ld35",1580000,1600000,0.986577,0.53335
"Ld35_81","Ld35",1600000,1620000,0.957143,0.57385
"Ld35_82","Ld35",1620000,1640000,1,0.59465
"Ld35_83","Ld35",1640000,1660000,1,0.5827
"Ld35_84","Ld35",1660000,1680000,1,0.5701
"Ld35_85","Ld35",1680000,1700000,0.142857,0.62345
"Ld35_86","Ld35",1700000,1720000,0.435897,0.5937
"Ld35_87","Ld35",1720000,1740000,0.934959,0.55795
"Ld35_88","Ld35",1740000,1760000,1,0.55925
"Ld35_89","Ld35",1760000,1780000,0.966851,0.5732
"Ld35_90","Ld35",1780000,1800000,0.985915,0.5868
"Ld35_91","Ld35",1800000,1820000,0.985294,0.5369
"Ld35_92","Ld35",1820000,1840000,1,0.5725
"Ld35_93","Ld35",1840000,1860000,1,0.59
"Ld35_94","Ld35",1860000,1880000,1,0.57575
"Ld35_95","Ld35",1880000,1900000,1,0.54715
"Ld35_96","Ld35",1900000,1920000,1,0.57245
"Ld35_97","Ld35",1920000,1940000,1,0.5864
"Ld35_98","Ld35",1940000,1960000,1,0.572
"Ld35_99","Ld35",1960000,1980000,0.985915,0.54875
"Ld35_100","Ld35",1980000,2000000,968,0.5767
"Ld35_101","Ld35",2000000,2020000,984,0.58445
"Ld35_102","Ld35",2020000,2040000,1,0.58205
"Ld35_103","Ld35",2040000,2060000,0.987261,0.5704
"Ld35_104","Ld35",2060000,2080000,0.983607,0.56925
"Ld35_105","Ld35",2080000,2100000,1,0.57745
"Ld35_106","Ld35",2100000,2120000,0.941176,0.5778
"Ld35_107","Ld35",2120000,2121967,1,0.531774
"Ld36_1","Ld36",0,20000,0.753846,0.56065
"Ld36_2","Ld36",20000,40000,0.961783,0.57305
"Ld36_3","Ld36",40000,60000,0.934426,0.5813
"Ld36_4","Ld36",60000,80000,0.283465,0.6183
"Ld36_5","Ld36",80000,100000,1,0.59255
"Ld36_6","Ld36",100000,120000,1,0.57835
"Ld36_7","Ld36",120000,140000,0.985185,0.583
"Ld36_8","Ld36",140000,160000,1,0.56855
"Ld36_9","Ld36",160000,180000,1,0.52035
"Ld36_10","Ld36",180000,200000,1,0.54525
"Ld36_11","Ld36",200000,220000,0.986577,0.5676
"Ld36_12","Ld36",220000,240000,0.875969,0.5719
"Ld36_13","Ld36",240000,260000,0.958904,0.531
"Ld36_14","Ld36",260000,280000,1,0.51665
"Ld36_15","Ld36",280000,300000,1,0.59655
"Ld36_16","Ld36",300000,320000,1,0.59665
"Ld36_17","Ld36",320000,340000,1,0.56325
"Ld36_18","Ld36",340000,360000,1,0.5546
"Ld36_19","Ld36",360000,380000,1,0.5716
"Ld36_20","Ld36",380000,400000,1,0.59175
"Ld36_21","Ld36",400000,420000,0.984962,0.59395
"Ld36_22","Ld36",420000,440000,1,0.6029
"Ld36_23","Ld36",440000,460000,1,0.5879
"Ld36_24","Ld36",460000,480000,1,0.57515
"Ld36_25","Ld36",480000,500000,0.980952,0.584
"Ld36_26","Ld36",500000,520000,1,0.5784
"Ld36_27","Ld36",520000,540000,1,0.585
"Ld36_28","Ld36",540000,560000,1,0.60955
"Ld36_29","Ld36",560000,580000,1,0.6047
"Ld36_30","Ld36",580000,600000,0.710145,0.57665
"Ld36_31","Ld36",600000,620000,0.987578,0.6062
"Ld36_32","Ld36",620000,640000,0.987261,0.578
"Ld36_33","Ld36",640000,660000,1,0.5548
"Ld36_34","Ld36",660000,680000,1,0.5872
"Ld36_35","Ld36",680000,700000,1,0.62085
"Ld36_36","Ld36",700000,720000,1,0.60975
"Ld36_37","Ld36",720000,740000,1,0.59215
"Ld36_38","Ld36",740000,760000,1,0.6034
"Ld36_39","Ld36",760000,780000,1,0.5887
"Ld36_40","Ld36",780000,800000,1,0.5278
"Ld36_41","Ld36",800000,820000,1,0.57855
"Ld36_42","Ld36",820000,840000,1,0.5794
"Ld36_43","Ld36",840000,860000,1,0.5988
"Ld36_44","Ld36",860000,880000,0.891156,0.6018
"Ld36_45","Ld36",880000,900000,0.972414,0.5941
"Ld36_46","Ld36",900000,920000,0.986014,0.59675
"Ld36_47","Ld36",920000,940000,1,0.5445
"Ld36_48","Ld36",940000,960000,0.759398,0.59185
"Ld36_49","Ld36",960000,980000,0.715686,0.5798
"Ld36_50","Ld36",980000,1000000,0.938776,0.5862
"Ld36_51","Ld36",1000000,1020000,0.958333,0.60795
"Ld36_52","Ld36",1020000,1040000,1,0.58175
"Ld36_53","Ld36",1040000,1060000,0.759494,0.58145
"Ld36_54","Ld36",1060000,1080000,0.982301,0.57375
"Ld36_55","Ld36",1080000,1100000,1,0.60075
"Ld36_56","Ld36",1100000,1120000,0.969697,0.5671
"Ld36_57","Ld36",1120000,1140000,1,0.5592
"Ld36_58","Ld36",1140000,1160000,1,0.57325
"Ld36_59","Ld36",1160000,1180000,1,0.6086
"Ld36_60","Ld36",1180000,1200000,0.853659,0.582
"Ld36_61","Ld36",1200000,1220000,1,0.60445
"Ld36_62","Ld36",1220000,1240000,1,0.5929
"Ld36_63","Ld36",1240000,1260000,1,0.5637
"Ld36_64","Ld36",1260000,1280000,1,0.57495
"Ld36_65","Ld36",1280000,1300000,1,0.5664
"Ld36_66","Ld36",1300000,1320000,1,0.58735
"Ld36_67","Ld36",1320000,1340000,1,0.6014
"Ld36_68","Ld36",1340000,1360000,1,0.59545
"Ld36_69","Ld36",1360000,1380000,1,0.575
"Ld36_70","Ld36",1380000,1400000,0.817518,0.5966
"Ld36_71","Ld36",1400000,1420000,1,0.5919
"Ld36_72","Ld36",1420000,1440000,0.983871,0.5426
"Ld36_73","Ld36",1440000,1460000,1,0.53455
"Ld36_74","Ld36",1460000,1480000,1,0.583
"Ld36_75","Ld36",1480000,1500000,0.985507,0.56235
"Ld36_76","Ld36",1500000,1520000,1,0.5866
"Ld36_77","Ld36",1520000,1540000,0.987013,0.61095
"Ld36_78","Ld36",1540000,1560000,0.981982,0.59575
"Ld36_79","Ld36",1560000,1580000,1,0.6016
"Ld36_80","Ld36",1580000,1600000,0.433333,0.5988
"Ld36_81","Ld36",1600000,1620000,1,0.57145
"Ld36_82","Ld36",1620000,1640000,1,0.58
"Ld36_83","Ld36",1640000,1660000,1,0.5231
"Ld36_84","Ld36",1660000,1680000,0.944444,0.5517
"Ld36_85","Ld36",1680000,1700000,0.966387,0.59775
"Ld36_86","Ld36",1700000,1720000,1,0.59625
"Ld36_87","Ld36",1720000,1740000,1,0.58265
"Ld36_88","Ld36",1740000,1760000,1,0.5806
"Ld36_89","Ld36",1760000,1780000,1,0.58455
"Ld36_90","Ld36",1780000,1800000,0.97037,0.56995
"Ld36_91","Ld36",1800000,1820000,0.619835,0.56905
"Ld36_92","Ld36",1820000,1840000,1,0.5813
"Ld36_93","Ld36",1840000,1860000,1,0.57675
"Ld36_94","Ld36",1860000,1880000,0.985507,0.60395
"Ld36_95","Ld36",1880000,1900000,1,0.5996
"Ld36_96","Ld36",1900000,1920000,1,0.5715
"Ld36_97","Ld36",1920000,1940000,1,0.5961
"Ld36_98","Ld36",1940000,1960000,0.97351,0.58585
"Ld36_99","Ld36",1960000,1980000,0.926471,0.55855
"Ld36_100","Ld36",1980000,2000000,1,0.5775
"Ld36_101","Ld36",2000000,2020000,0.941748,0.5839
"Ld36_102","Ld36",2020000,2040000,1,0.58395
"Ld36_103","Ld36",2040000,2060000,1,0.59525
"Ld36_104","Ld36",2060000,2080000,1,0.59615
"Ld36_105","Ld36",2080000,2100000,0.969466,0.5989
"Ld36_106","Ld36",2100000,2120000,0.957447,0.5748
"Ld36_107","Ld36",2120000,2140000,1,0.59265
"Ld36_108","Ld36",2140000,2160000,1,0.5338
"Ld36_109","Ld36",2160000,2180000,1,0.56825
"Ld36_110","Ld36",2180000,2200000,1,0.5899
"Ld36_111","Ld36",2200000,2220000,1,0.5896
"Ld36_112","Ld36",2220000,2240000,1,0.60685
"Ld36_113","Ld36",2240000,2260000,1,0.6035
"Ld36_114","Ld36",2260000,2280000,1,0.56935
"Ld36_115","Ld36",2280000,2300000,1,0.5915
"Ld36_116","Ld36",2300000,2320000,0.939394,0.5653
"Ld36_117","Ld36",2320000,2340000,1,0.56655
"Ld36_118","Ld36",2340000,2360000,1,0.61155
"Ld36_119","Ld36",2360000,2380000,1,0.58305
"Ld36_120","Ld36",2380000,2400000,1,0.58655
"Ld36_121","Ld36",2400000,2420000,1,0.59425
"Ld36_122","Ld36",2420000,2440000,0.983871,0.58975
"Ld36_123","Ld36",2440000,2460000,0.594203,0.57705
"Ld36_124","Ld36",2460000,2480000,0.0145985,0.61065
"Ld36_125","Ld36",2480000,2500000,0.84375,0.60535
"Ld36_126","Ld36",2500000,2520000,0.963504,0.60175
"Ld36_127","Ld36",2520000,2540000,1,0.5489
"Ld36_128","Ld36",2540000,2560000,0.890511,0.5837
"Ld36_129","Ld36",2560000,2580000,0.728972,0.5806
"Ld36_130","Ld36",2580000,2600000,0.87931,0.59185
"Ld36_131","Ld36",2600000,2620000,0.933775,0.58405
"Ld36_132","Ld36",2620000,2640000,1,0.58225
"Ld36_133","Ld36",2640000,2660000,0.986577,0.5891
"Ld36_134","Ld36",2660000,2680000,0.958621,0.55945
"Ld36_135","Ld36",2680000,2700000,1,0.576
"Ld36_136","Ld36",2700000,2720000,1,0.58755
"Ld36_137","Ld36",2720000,2740000,1,0.54905
"Ld36_138","Ld36",2740000,2748746,0.962963,0.5303
